,mean_fit_time,std_fit_time,mean_score_time,std_score_time,param_C,param_penalty,param_solver,params,split0_test_score,split1_test_score,split2_test_score,split3_test_score,split4_test_score,mean_test_score,std_test_score,rank_test_score,split0_train_score,split1_train_score,split2_train_score,split3_train_score,split4_train_score,mean_train_score,std_train_score
0,0.0003499031066894531,0.00024657657493028673,0.0,0.0,0.01,l1,newton-cg,"{'C': 0.01, 'penalty': 'l1', 'solver': 'newton-cg'}",0.0,0.0,0.0,0.0,0.0,0.0,0.0,35,0.0,0.0,0.0,0.0,0.0,0.0,0.0
1,0.00023179054260253907,4.206865932923718e-05,0.0,0.0,0.01,l1,lbfgs,"{'C': 0.01, 'penalty': 'l1', 'solver': 'lbfgs'}",0.0,0.0,0.0,0.0,0.0,0.0,0.0,35,0.0,0.0,0.0,0.0,0.0,0.0,0.0
2,0.0031392574310302734,0.0016511476156553962,0.004417133331298828,0.003179732785418484,0.01,l1,liblinear,"{'C': 0.01, 'penalty': 'l1', 'solver': 'liblinear'}",0.2355565284664199,0.19416504870229898,0.13280051989430297,0.24329621045312075,0.134962721696486,0.18815620584252574,0.047364787782090585,34,0.2286575602243591,0.2229405743080826,0.2331031807080958,0.226404839260764,0.20158109222622086,0.22253744934550448,0.010985249697653432
3,0.00028047561645507815,4.166056146781756e-05,0.0,0.0,0.01,l1,sag,"{'C': 0.01, 'penalty': 'l1', 'solver': 'sag'}",0.0,0.0,0.0,0.0,0.0,0.0,0.0,35,0.0,0.0,0.0,0.0,0.0,0.0,0.0
4,0.031061506271362303,0.010078565906961417,0.0013312816619873047,0.0004041587028497505,0.01,l1,saga,"{'C': 0.01, 'penalty': 'l1', 'solver': 'saga'}",0.0,0.0,0.0,0.0,0.0,0.0,0.0,35,0.0,0.0,0.029204083016228455,0.0,0.029204083016228455,0.011681633206491382,0.014307020359128004
5,0.004091310501098633,0.0007981974786000962,0.0012577056884765625,0.00025666215279524396,0.01,l2,newton-cg,"{'C': 0.01, 'penalty': 'l2', 'solver': 'newton-cg'}",0.42408140828240976,0.38799265144208905,0.34503277967117707,0.43854166666666666,0.336890600422706,0.3865078212970097,0.040751804643761526,29,0.42225709629656555,0.42941045793277016,0.4403059819107271,0.43015708728202134,0.44903135359337115,0.43423239540309105,0.009371922135010397
6,0.002967214584350586,0.0007809707424922698,0.001118946075439453,0.0003434594663643863,0.01,l2,lbfgs,"{'C': 0.01, 'penalty': 'l2', 'solver': 'lbfgs'}",0.42408140828240976,0.38799265144208905,0.34503277967117707,0.43854166666666666,0.336890600422706,0.3865078212970097,0.040751804643761526,29,0.4207698816450986,0.4279252653227249,0.4403059819107271,0.43015708728202134,0.44903135359337115,0.4336379139507886,0.00991723629257861
7,0.004015111923217773,0.0004577928176184426,0.001233816146850586,0.00033650776978672806,0.01,l2,liblinear,"{'C': 0.01, 'penalty': 'l2', 'solver': 'liblinear'}",0.4532951213167511,0.37762099392135606,0.34911469845569093,0.40784447219741377,0.3226320571022286,0.38210146859868804,0.045554475045072214,33,0.41788458346680274,0.4396513723661222,0.4457757468024339,0.4369645913320829,0.4588831088960501,0.43983188057269834,0.01332829041881903
8,0.018231630325317383,0.005517694144732256,0.001539754867553711,0.0002723055569073642,0.01,l2,sag,"{'C': 0.01, 'penalty': 'l2', 'solver': 'sag'}",0.42408140828240976,0.38799265144208905,0.34503277967117707,0.43854166666666666,0.336890600422706,0.3865078212970097,0.040751804643761526,29,0.4207698816450986,0.42941045793277016,0.4403059819107271,0.43015708728202134,0.44903135359337115,0.4339349524727976,0.009762722458750603
9,0.03654513359069824,0.007115204375606539,0.0013190746307373048,0.00034841537397274695,0.01,l2,saga,"{'C': 0.01, 'penalty': 'l2', 'solver': 'saga'}",0.42408140828240976,0.38799265144208905,0.34503277967117707,0.43854166666666666,0.336890600422706,0.3865078212970097,0.040751804643761526,29,0.4207698816450986,0.42941045793277016,0.4403059819107271,0.43015708728202134,0.44903135359337115,0.4339349524727976,0.009762722458750603
10,0.0003476142883300781,5.535235328299147e-05,0.0,0.0,0.01,elasticnet,newton-cg,"{'C': 0.01, 'penalty': 'elasticnet', 'solver': 'newton-cg'}",0.0,0.0,0.0,0.0,0.0,0.0,0.0,35,0.0,0.0,0.0,0.0,0.0,0.0,0.0
11,0.0003149986267089844,8.766925748851216e-05,0.0,0.0,0.01,elasticnet,lbfgs,"{'C': 0.01, 'penalty': 'elasticnet', 'solver': 'lbfgs'}",0.0,0.0,0.0,0.0,0.0,0.0,0.0,35,0.0,0.0,0.0,0.0,0.0,0.0,0.0
12,0.00026917457580566406,2.909175647386727e-05,0.0,0.0,0.01,elasticnet,liblinear,"{'C': 0.01, 'penalty': 'elasticnet', 'solver': 'liblinear'}",0.0,0.0,0.0,0.0,0.0,0.0,0.0,35,0.0,0.0,0.0,0.0,0.0,0.0,0.0
13,0.0002167224884033203,2.2500449456441986e-05,0.0,0.0,0.01,elasticnet,sag,"{'C': 0.01, 'penalty': 'elasticnet', 'solver': 'sag'}",0.0,0.0,0.0,0.0,0.0,0.0,0.0,35,0.0,0.0,0.0,0.0,0.0,0.0,0.0
14,0.0002377033233642578,3.895003690190649e-05,0.0,0.0,0.01,elasticnet,saga,"{'C': 0.01, 'penalty': 'elasticnet', 'solver': 'saga'}",0.0,0.0,0.0,0.0,0.0,0.0,0.0,35,0.0,0.0,0.0,0.0,0.0,0.0,0.0
15,0.00022416114807128907,4.5219501275174935e-05,0.0,0.0,0.01,none,newton-cg,"{'C': 0.01, 'penalty': 'none', 'solver': 'newton-cg'}",0.0,0.0,0.0,0.0,0.0,0.0,0.0,35,0.0,0.0,0.0,0.0,0.0,0.0,0.0
16,0.00017328262329101561,2.4078812885184253e-05,0.0,0.0,0.01,none,lbfgs,"{'C': 0.01, 'penalty': 'none', 'solver': 'lbfgs'}",0.0,0.0,0.0,0.0,0.0,0.0,0.0,35,0.0,0.0,0.0,0.0,0.0,0.0,0.0
17,0.00029129981994628905,0.00011036976734919551,0.0,0.0,0.01,none,liblinear,"{'C': 0.01, 'penalty': 'none', 'solver': 'liblinear'}",0.0,0.0,0.0,0.0,0.0,0.0,0.0,35,0.0,0.0,0.0,0.0,0.0,0.0,0.0
18,0.00029630661010742186,3.1752628971431596e-05,0.0,0.0,0.01,none,sag,"{'C': 0.01, 'penalty': 'none', 'solver': 'sag'}",0.0,0.0,0.0,0.0,0.0,0.0,0.0,35,0.0,0.0,0.0,0.0,0.0,0.0,0.0
19,0.0002341747283935547,6.020027103843973e-05,0.0,0.0,0.01,none,saga,"{'C': 0.01, 'penalty': 'none', 'solver': 'saga'}",0.0,0.0,0.0,0.0,0.0,0.0,0.0,35,0.0,0.0,0.0,0.0,0.0,0.0,0.0
20,0.0002984046936035156,6.185197394766866e-05,0.0,0.0,0.1,l1,newton-cg,"{'C': 0.1, 'penalty': 'l1', 'solver': 'newton-cg'}",0.0,0.0,0.0,0.0,0.0,0.0,0.0,35,0.0,0.0,0.0,0.0,0.0,0.0,0.0
21,0.00024423599243164065,5.640231797465713e-05,0.0,0.0,0.1,l1,lbfgs,"{'C': 0.1, 'penalty': 'l1', 'solver': 'lbfgs'}",0.0,0.0,0.0,0.0,0.0,0.0,0.0,35,0.0,0.0,0.0,0.0,0.0,0.0,0.0
22,0.004919815063476563,0.00123148039993042,0.0013768672943115234,0.0003456969095287776,0.1,l1,liblinear,"{'C': 0.1, 'penalty': 'l1', 'solver': 'liblinear'}",0.517284576740244,0.42220280474356553,0.4067015921763028,0.4700424688053412,0.42379461691535,0.44800521187616066,0.04060339200469983,16,0.4665967343205206,0.47510210602375674,0.49787740615653253,0.4782592916045304,0.4834522393646412,0.48025755549399635,0.010371643026533987
23,0.00031948089599609375,5.1873878173585773e-05,0.0,0.0,0.1,l1,sag,"{'C': 0.1, 'penalty': 'l1', 'solver': 'sag'}",0.0,0.0,0.0,0.0,0.0,0.0,0.0,35,0.0,0.0,0.0,0.0,0.0,0.0,0.0
24,0.0765829086303711,0.014852454927157876,0.0014664173126220704,0.00024063877149131503,0.1,l1,saga,"{'C': 0.1, 'penalty': 'l1', 'solver': 'saga'}",0.4766000376676737,0.41500162466969676,0.3983694001807712,0.4564354645876384,0.4216623008574028,0.43361376559263665,0.028635866057326032,28,0.4405495004321814,0.4680876491928688,0.4883513016087465,0.45950604229099956,0.4839000637447848,0.4680789114539163,0.017277970341661664
25,0.004214763641357422,0.0014267583170153896,0.0011283397674560548,0.0003378079002179561,0.1,l2,newton-cg,"{'C': 0.1, 'penalty': 'l2', 'solver': 'newton-cg'}",0.4996951936780015,0.41079191812887456,0.4193344887896443,0.4711485760244933,0.41504294524314284,0.44320262437283137,0.03573652446602203,18,0.4625869554249292,0.5032347059454324,0.4846513606151136,0.4901143799503553,0.5028943582526155,0.48869635203768924,0.014919922687990653
26,0.005108976364135742,0.00175610422581134,0.001253032684326172,0.0003603828995918468,0.1,l2,lbfgs,"{'C': 0.1, 'penalty': 'l2', 'solver': 'lbfgs'}",0.4996951936780015,0.41079191812887456,0.4193344887896443,0.4711485760244933,0.41504294524314284,0.44320262437283137,0.03573652446602203,18,0.4625869554249292,0.5017190783065117,0.4860125529395751,0.4901143799503553,0.5028943582526155,0.48866546497479735,0.014574526970993172
27,0.005442905426025391,0.0012423684409734574,0.0010882854461669923,0.00033076536000401576,0.1,l2,liblinear,"{'C': 0.1, 'penalty': 'l2', 'solver': 'liblinear'}",0.5057660942622223,0.40155946010522525,0.41500162466969676,0.48347689274019673,0.40959505645784977,0.44307982564703813,0.04288367333875944,20,0.4658919834295766,0.5037754637351587,0.4866029372494375,0.4940639394348651,0.5009190049201655,0.4902506657538407,0.013549361645375386
28,0.05163979530334473,0.009907664353138418,0.0014944076538085938,0.00014490036991123036,0.1,l2,sag,"{'C': 0.1, 'penalty': 'l2', 'solver': 'sag'}",0.4996951936780015,0.39420062792333554,0.4193344887896443,0.4773058182129292,0.41504294524314284,0.4411158147694107,0.040240565170312693,21,0.4619373705885363,0.5015486496840857,0.48178822153521766,0.48708673888913423,0.5028943582526155,0.4870510677899179,0.014963865434533439
29,0.057398223876953126,0.010962570707386722,0.0013261795043945312,0.00022115004159423254,0.1,l2,saga,"{'C': 0.1, 'penalty': 'l2', 'solver': 'saga'}",0.48272912930617906,0.4004442408067127,0.4140711053607331,0.46683914083684125,0.41504294524314284,0.4358253123107218,0.03261532808455932,27,0.46092858151026117,0.4817126728017984,0.48151041666666666,0.46976362704957375,0.5028943582526155,0.4793619312561831,0.014112639173548361
30,0.0002685070037841797,3.434366461141326e-05,0.0,0.0,0.1,elasticnet,newton-cg,"{'C': 0.1, 'penalty': 'elasticnet', 'solver': 'newton-cg'}",0.0,0.0,0.0,0.0,0.0,0.0,0.0,35,0.0,0.0,0.0,0.0,0.0,0.0,0.0
31,0.00018820762634277343,2.6184656258046402e-05,0.0,0.0,0.1,elasticnet,lbfgs,"{'C': 0.1, 'penalty': 'elasticnet', 'solver': 'lbfgs'}",0.0,0.0,0.0,0.0,0.0,0.0,0.0,35,0.0,0.0,0.0,0.0,0.0,0.0,0.0
32,0.00023837089538574218,3.67954568577935e-05,0.0,0.0,0.1,elasticnet,liblinear,"{'C': 0.1, 'penalty': 'elasticnet', 'solver': 'liblinear'}",0.0,0.0,0.0,0.0,0.0,0.0,0.0,35,0.0,0.0,0.0,0.0,0.0,0.0,0.0
33,0.0002518177032470703,6.618242093878022e-05,0.0,0.0,0.1,elasticnet,sag,"{'C': 0.1, 'penalty': 'elasticnet', 'solver': 'sag'}",0.0,0.0,0.0,0.0,0.0,0.0,0.0,35,0.0,0.0,0.0,0.0,0.0,0.0,0.0
34,0.00025110244750976564,4.430492111547474e-05,0.0,0.0,0.1,elasticnet,saga,"{'C': 0.1, 'penalty': 'elasticnet', 'solver': 'saga'}",0.0,0.0,0.0,0.0,0.0,0.0,0.0,35,0.0,0.0,0.0,0.0,0.0,0.0,0.0
35,0.00020051002502441406,4.226725023812837e-05,0.0,0.0,0.1,none,newton-cg,"{'C': 0.1, 'penalty': 'none', 'solver': 'newton-cg'}",0.0,0.0,0.0,0.0,0.0,0.0,0.0,35,0.0,0.0,0.0,0.0,0.0,0.0,0.0
36,0.00024995803833007815,3.0180665768768494e-05,0.0,0.0,0.1,none,lbfgs,"{'C': 0.1, 'penalty': 'none', 'solver': 'lbfgs'}",0.0,0.0,0.0,0.0,0.0,0.0,0.0,35,0.0,0.0,0.0,0.0,0.0,0.0,0.0
37,0.0002110004425048828,6.459392507415803e-05,0.0,0.0,0.1,none,liblinear,"{'C': 0.1, 'penalty': 'none', 'solver': 'liblinear'}",0.0,0.0,0.0,0.0,0.0,0.0,0.0,35,0.0,0.0,0.0,0.0,0.0,0.0,0.0
38,0.00022501945495605468,5.800139467894239e-05,0.0,0.0,0.1,none,sag,"{'C': 0.1, 'penalty': 'none', 'solver': 'sag'}",0.0,0.0,0.0,0.0,0.0,0.0,0.0,35,0.0,0.0,0.0,0.0,0.0,0.0,0.0
39,0.00023717880249023436,3.0415109624786942e-05,0.0,0.0,0.1,none,saga,"{'C': 0.1, 'penalty': 'none', 'solver': 'saga'}",0.0,0.0,0.0,0.0,0.0,0.0,0.0,35,0.0,0.0,0.0,0.0,0.0,0.0,0.0
40,0.000206756591796875,8.429968503333788e-05,0.0,0.0,1.0,l1,newton-cg,"{'C': 1, 'penalty': 'l1', 'solver': 'newton-cg'}",0.0,0.0,0.0,0.0,0.0,0.0,0.0,35,0.0,0.0,0.0,0.0,0.0,0.0,0.0
41,0.00025496482849121096,9.355608233161647e-05,0.0,0.0,1.0,l1,lbfgs,"{'C': 1, 'penalty': 'l1', 'solver': 'lbfgs'}",0.0,0.0,0.0,0.0,0.0,0.0,0.0,35,0.0,0.0,0.0,0.0,0.0,0.0,0.0
42,0.01767416000366211,0.004262496898024814,0.0012582302093505859,0.0002334692604687194,1.0,l1,liblinear,"{'C': 1, 'penalty': 'l1', 'solver': 'liblinear'}",0.5586334612249554,0.5031488517908178,0.4474533311629651,0.492349628475186,0.48019603839902475,0.4963562622105898,0.03631333474870796,9,0.5414716193789701,0.5558614309193054,0.5793845659412266,0.5730724798189252,0.5501442960524402,0.5599868784221735,0.014171900417673878
43,0.000257110595703125,3.686373761672231e-05,0.0,0.0,1.0,l1,sag,"{'C': 1, 'penalty': 'l1', 'solver': 'sag'}",0.0,0.0,0.0,0.0,0.0,0.0,0.0,35,0.0,0.0,0.0,0.0,0.0,0.0,0.0
44,0.0711512565612793,0.016990030958390342,0.001291513442993164,0.0003129314830519978,1.0,l1,saga,"{'C': 1, 'penalty': 'l1', 'solver': 'saga'}",0.4996951936780015,0.4045743286581601,0.42641416934811344,0.47925723781702034,0.4210595491322425,0.4462000957267076,0.036635323385416564,17,0.4643781050186853,0.5009190049201655,0.4882704182753267,0.4876056673334936,0.5153879988246433,0.4913122388744629,0.016854501373473912
45,0.008173894882202149,0.0006491029496262171,0.001470470428466797,5.912542338332628e-05,1.0,l2,newton-cg,"{'C': 1, 'penalty': 'l2', 'solver': 'newton-cg'}",0.5297533069937602,0.4803256049054611,0.4650045816281204,0.4984447862792268,0.4391546805416387,0.4825365920696415,0.03058345602910376,10,0.5163575400886427,0.5447571041014044,0.5439485428401146,0.5412798851000978,0.5291269648469066,0.5350940073954332,0.010924322613155443
46,0.009466266632080078,0.0029701277395428717,0.0013204097747802734,0.00030108868081721307,1.0,l2,lbfgs,"{'C': 1, 'penalty': 'l2', 'solver': 'lbfgs'}",0.5297533069937602,0.4803256049054611,0.4650045816281204,0.4984447862792268,0.4391546805416387,0.4825365920696415,0.03058345602910376,10,0.5193945010678858,0.5474480051744278,0.5439485428401146,0.5410924884385675,0.532160044452131,0.5368087163946254,0.010073602499713643
47,0.011902809143066406,0.0010978030529225837,0.0014685630798339845,0.00013932775417097205,1.0,l2,liblinear,"{'C': 1, 'penalty': 'l2', 'solver': 'liblinear'}",0.5297533069937602,0.4803256049054611,0.4650045816281204,0.4984447862792268,0.4391546805416387,0.4825365920696415,0.03058345602910376,10,0.517875611828965,0.5435875905506639,0.5439485428401146,0.5412798851000978,0.5351965107000834,0.5363776282039849,0.00976784599226569
48,0.04479241371154785,0.009045122408692026,0.001233386993408203,0.0002888272141188949,1.0,l2,sag,"{'C': 1, 'penalty': 'l2', 'solver': 'sag'}",0.5169618966072066,0.4358009644552832,0.4193344887896443,0.4887196529962819,0.4277075206223069,0.4577049046941445,0.03827589363726184,15,0.485640122965747,0.5032347059454324,0.506939165880835,0.5106746744665965,0.5226225486507532,0.5058222435818728,0.01200880672593438
49,0.06337337493896485,0.015448098028868592,0.0011654376983642578,0.00034371070665179036,1.0,l2,saga,"{'C': 1, 'penalty': 'l2', 'solver': 'saga'}",0.4938457142385917,0.4170227695399497,0.40265561122798105,0.46683914083684125,0.415625,0.43919764716867277,0.035023359889548404,26,0.46590776842130865,0.49558911302450204,0.4894637776073978,0.48019603839902475,0.525478409572342,0.4913270214049151,0.019788843428088534
50,0.00017943382263183594,3.134187925237377e-05,0.0,0.0,1.0,elasticnet,newton-cg,"{'C': 1, 'penalty': 'elasticnet', 'solver': 'newton-cg'}",0.0,0.0,0.0,0.0,0.0,0.0,0.0,35,0.0,0.0,0.0,0.0,0.0,0.0,0.0
51,0.00022554397583007812,8.841119005844063e-05,0.0,0.0,1.0,elasticnet,lbfgs,"{'C': 1, 'penalty': 'elasticnet', 'solver': 'lbfgs'}",0.0,0.0,0.0,0.0,0.0,0.0,0.0,35,0.0,0.0,0.0,0.0,0.0,0.0,0.0
52,0.0003002166748046875,4.4985081346590085e-05,0.0,0.0,1.0,elasticnet,liblinear,"{'C': 1, 'penalty': 'elasticnet', 'solver': 'liblinear'}",0.0,0.0,0.0,0.0,0.0,0.0,0.0,35,0.0,0.0,0.0,0.0,0.0,0.0,0.0
53,0.00021486282348632814,3.6249159512097044e-05,0.0,0.0,1.0,elasticnet,sag,"{'C': 1, 'penalty': 'elasticnet', 'solver': 'sag'}",0.0,0.0,0.0,0.0,0.0,0.0,0.0,35,0.0,0.0,0.0,0.0,0.0,0.0,0.0
54,0.00026259422302246096,5.0281930045932014e-05,0.0,0.0,1.0,elasticnet,saga,"{'C': 1, 'penalty': 'elasticnet', 'solver': 'saga'}",0.0,0.0,0.0,0.0,0.0,0.0,0.0,35,0.0,0.0,0.0,0.0,0.0,0.0,0.0
55,0.0002280712127685547,4.127206721262577e-05,0.0,0.0,1.0,none,newton-cg,"{'C': 1, 'penalty': 'none', 'solver': 'newton-cg'}",0.0,0.0,0.0,0.0,0.0,0.0,0.0,35,0.0,0.0,0.0,0.0,0.0,0.0,0.0
56,0.00023999214172363282,4.276636544003706e-05,0.0,0.0,1.0,none,lbfgs,"{'C': 1, 'penalty': 'none', 'solver': 'lbfgs'}",0.0,0.0,0.0,0.0,0.0,0.0,0.0,35,0.0,0.0,0.0,0.0,0.0,0.0,0.0
57,0.00016994476318359374,4.583032725814821e-05,0.0,0.0,1.0,none,liblinear,"{'C': 1, 'penalty': 'none', 'solver': 'liblinear'}",0.0,0.0,0.0,0.0,0.0,0.0,0.0,35,0.0,0.0,0.0,0.0,0.0,0.0,0.0
58,0.0002105712890625,7.876989042317919e-05,0.0,0.0,1.0,none,sag,"{'C': 1, 'penalty': 'none', 'solver': 'sag'}",0.0,0.0,0.0,0.0,0.0,0.0,0.0,35,0.0,0.0,0.0,0.0,0.0,0.0,0.0
59,0.0001609325408935547,4.36072730153398e-05,0.0,0.0,1.0,none,saga,"{'C': 1, 'penalty': 'none', 'solver': 'saga'}",0.0,0.0,0.0,0.0,0.0,0.0,0.0,35,0.0,0.0,0.0,0.0,0.0,0.0,0.0
60,0.00024585723876953126,8.101593822575441e-05,0.0,0.0,10.0,l1,newton-cg,"{'C': 10, 'penalty': 'l1', 'solver': 'newton-cg'}",0.0,0.0,0.0,0.0,0.0,0.0,0.0,35,0.0,0.0,0.0,0.0,0.0,0.0,0.0
61,0.00025739669799804685,0.00010435988368370242,0.0,0.0,10.0,l1,lbfgs,"{'C': 10, 'penalty': 'l1', 'solver': 'lbfgs'}",0.0,0.0,0.0,0.0,0.0,0.0,0.0,35,0.0,0.0,0.0,0.0,0.0,0.0,0.0
62,0.04465155601501465,0.008243865079936817,0.0012696266174316406,0.0003337719573740953,10.0,l1,liblinear,"{'C': 10, 'penalty': 'l1', 'solver': 'liblinear'}",0.5586334612249554,0.5094144942820528,0.4909719342645202,0.526627134255104,0.5084489831323938,0.5188192014318053,0.022880556508467195,3,0.5546140559369467,0.5654889029546516,0.5768839061609408,0.5835634278795352,0.5612726457111399,0.5683645877286427,0.010499770069260606
63,0.00030055046081542967,6.319461530202052e-05,0.0,0.0,10.0,l1,sag,"{'C': 10, 'penalty': 'l1', 'solver': 'sag'}",0.0,0.0,0.0,0.0,0.0,0.0,0.0,35,0.0,0.0,0.0,0.0,0.0,0.0,0.0
64,0.06259493827819824,0.013170616170319649,0.0011327743530273437,0.00023706113621442534,10.0,l1,saga,"{'C': 10, 'penalty': 'l1', 'solver': 'saga'}",0.4938457142385917,0.41079191812887456,0.4088228095128133,0.4606518033833634,0.4277075206223069,0.44036395317718996,0.03256203285358255,23,0.46590776842130865,0.49558911302450204,0.4909719342645202,0.48474809549509806,0.5169108268075756,0.49082554760260094,0.016498399432864012
65,0.010164451599121094,0.005859180840085457,0.0010864734649658203,0.000101327054637332,10.0,l2,newton-cg,"{'C': 10, 'penalty': 'l2', 'solver': 'newton-cg'}",0.5476404203728243,0.4928701383720465,0.46204900038030233,0.5084489831323938,0.497696251667488,0.501740958785011,0.0276487281340859,8,0.5513694298498685,0.5667064672723272,0.5674544106791412,0.5740280452393519,0.5514944848641086,0.5622105675809594,0.009162188371548231
66,0.015137672424316406,0.004510369708042234,0.0014874458312988282,0.00032280693708728323,10.0,l2,lbfgs,"{'C': 10, 'penalty': 'l2', 'solver': 'lbfgs'}",0.553125,0.5094144942820528,0.47838201250420626,0.497696251667488,0.47952979172869453,0.5036295100364883,0.027337540776304018,6,0.5433972030217706,0.5624853251134307,0.5716619504750294,0.5770688524276166,0.5602287114655289,0.5629684085006753,0.011534050323261153
67,0.022165822982788085,0.0036451606190364043,0.002309894561767578,0.001379135073346451,10.0,l2,liblinear,"{'C': 10, 'penalty': 'l2', 'solver': 'liblinear'}",0.5536262797349568,0.4928701383720465,0.46204900038030233,0.5084489831323938,0.497696251667488,0.5029381306574375,0.02966621206264815,7,0.5513694298498685,0.5667064672723272,0.5647601069701732,0.5740280452393519,0.5503060631036726,0.5614340224870787,0.009193458827652127
68,0.05006961822509766,0.009341421614073236,0.0011728763580322265,0.00028750099967788897,10.0,l2,sag,"{'C': 10, 'penalty': 'l2', 'solver': 'sag'}",0.5286260914431442,0.4472147992386359,0.4193344887896443,0.4887196529962819,0.4398239670040953,0.4647437998943603,0.03910513566211158,14,0.4909078840963649,0.5034109267910186,0.5116374456751513,0.5093530497676868,0.517875611828965,0.5066369836318374,0.009126887909810212
69,0.05412931442260742,0.015918973456654363,0.0011020660400390624,0.00022373835643234148,10.0,l2,saga,"{'C': 10, 'penalty': 'l2', 'solver': 'saga'}",0.4938457142385917,0.41079191812887456,0.40791696558002527,0.4606518033833634,0.4277075206223069,0.44018278439063235,0.032739056393294365,24,0.46590776842130865,0.49977566127804274,0.4908174464914565,0.4817126728017984,0.5167222599352363,0.49098716178556856,0.01705610694626805
70,0.00020389556884765626,4.570811866350611e-05,0.0,0.0,10.0,elasticnet,newton-cg,"{'C': 10, 'penalty': 'elasticnet', 'solver': 'newton-cg'}",0.0,0.0,0.0,0.0,0.0,0.0,0.0,35,0.0,0.0,0.0,0.0,0.0,0.0,0.0
71,0.00021963119506835939,4.060609285758362e-05,0.0,0.0,10.0,elasticnet,lbfgs,"{'C': 10, 'penalty': 'elasticnet', 'solver': 'lbfgs'}",0.0,0.0,0.0,0.0,0.0,0.0,0.0,35,0.0,0.0,0.0,0.0,0.0,0.0,0.0
72,0.00023088455200195312,4.605086794561491e-05,0.0,0.0,10.0,elasticnet,liblinear,"{'C': 10, 'penalty': 'elasticnet', 'solver': 'liblinear'}",0.0,0.0,0.0,0.0,0.0,0.0,0.0,35,0.0,0.0,0.0,0.0,0.0,0.0,0.0
73,0.00020132064819335937,1.5716541160653307e-05,0.0,0.0,10.0,elasticnet,sag,"{'C': 10, 'penalty': 'elasticnet', 'solver': 'sag'}",0.0,0.0,0.0,0.0,0.0,0.0,0.0,35,0.0,0.0,0.0,0.0,0.0,0.0,0.0
74,0.00020031929016113282,1.9011037637752315e-05,0.0,0.0,10.0,elasticnet,saga,"{'C': 10, 'penalty': 'elasticnet', 'solver': 'saga'}",0.0,0.0,0.0,0.0,0.0,0.0,0.0,35,0.0,0.0,0.0,0.0,0.0,0.0,0.0
75,0.00016508102416992187,7.843355253201328e-06,0.0,0.0,10.0,none,newton-cg,"{'C': 10, 'penalty': 'none', 'solver': 'newton-cg'}",0.0,0.0,0.0,0.0,0.0,0.0,0.0,35,0.0,0.0,0.0,0.0,0.0,0.0,0.0
76,0.00027713775634765627,0.00020618378068338935,0.0,0.0,10.0,none,lbfgs,"{'C': 10, 'penalty': 'none', 'solver': 'lbfgs'}",0.0,0.0,0.0,0.0,0.0,0.0,0.0,35,0.0,0.0,0.0,0.0,0.0,0.0,0.0
77,0.00032052993774414065,0.0002235106518039229,0.0,0.0,10.0,none,liblinear,"{'C': 10, 'penalty': 'none', 'solver': 'liblinear'}",0.0,0.0,0.0,0.0,0.0,0.0,0.0,35,0.0,0.0,0.0,0.0,0.0,0.0,0.0
78,0.0003094673156738281,0.00027165505390836745,0.0,0.0,10.0,none,sag,"{'C': 10, 'penalty': 'none', 'solver': 'sag'}",0.0,0.0,0.0,0.0,0.0,0.0,0.0,35,0.0,0.0,0.0,0.0,0.0,0.0,0.0
79,0.00028929710388183596,0.00023534039862223134,0.0,0.0,10.0,none,saga,"{'C': 10, 'penalty': 'none', 'solver': 'saga'}",0.0,0.0,0.0,0.0,0.0,0.0,0.0,35,0.0,0.0,0.0,0.0,0.0,0.0,0.0
80,0.00020503997802734375,5.585369315617166e-05,0.0,0.0,100.0,l1,newton-cg,"{'C': 100, 'penalty': 'l1', 'solver': 'newton-cg'}",0.0,0.0,0.0,0.0,0.0,0.0,0.0,35,0.0,0.0,0.0,0.0,0.0,0.0,0.0
81,0.0002193450927734375,2.322299767006409e-05,0.0,0.0,100.0,l1,lbfgs,"{'C': 100, 'penalty': 'l1', 'solver': 'lbfgs'}",0.0,0.0,0.0,0.0,0.0,0.0,0.0,35,0.0,0.0,0.0,0.0,0.0,0.0,0.0
82,0.05924868583679199,0.015291677957948268,0.001401233673095703,0.00018448911609009137,100.0,l1,liblinear,"{'C': 100, 'penalty': 'l1', 'solver': 'liblinear'}",0.5586334612249554,0.5094144942820528,0.48557397775629435,0.5212901723170247,0.5319843024086719,0.5213792815977998,0.02418894055244632,1,0.5546140559369467,0.5700006501514788,0.5808998517399742,0.5850936990683419,0.5572121468184019,0.5695640807430287,0.012214195476201452
83,0.000270843505859375,4.239106473221091e-05,0.0,0.0,100.0,l1,sag,"{'C': 100, 'penalty': 'l1', 'solver': 'sag'}",0.0,0.0,0.0,0.0,0.0,0.0,0.0,35,0.0,0.0,0.0,0.0,0.0,0.0,0.0
84,0.06750340461730957,0.021769203903925213,0.0011441707611083984,0.0003358739873588335,100.0,l1,saga,"{'C': 100, 'penalty': 'l1', 'solver': 'saga'}",0.4938457142385917,0.41079191812887456,0.40791696558002527,0.4606518033833634,0.4277075206223069,0.44018278439063235,0.032739056393294365,24,0.46590776842130865,0.4984447862792268,0.4908174464914565,0.4803722102700591,0.5182440532261904,0.4907572529376483,0.017549769082124415
85,0.008208847045898438,0.0016098215722894584,0.0010472774505615235,0.0002722514104727436,100.0,l2,newton-cg,"{'C': 100, 'penalty': 'l2', 'solver': 'newton-cg'}",0.553125,0.5094144942820528,0.4909719342645202,0.5212901723170247,0.5138562193361715,0.5177315640399539,0.020325494993119978,4,0.5559425959112942,0.5654889029546516,0.578043392924981,0.5835634278795352,0.5599177452286178,0.568591212979816,0.010567419824995716
86,0.017277050018310546,0.002646862445783815,0.0015797615051269531,5.182827282785718e-05,100.0,l2,lbfgs,"{'C': 100, 'penalty': 'l2', 'solver': 'lbfgs'}",0.5416666666666666,0.5031488517908178,0.47892508245532167,0.5098674792981257,0.5078376400576295,0.5082891440537123,0.02002710529199148,5,0.552892880765679,0.5671415497631221,0.5731705265376307,0.5829687174786959,0.5561873914549865,0.5664722132000228,0.011023845917912235
87,0.020164299011230468,0.0008159721605028343,0.001376962661743164,0.00022508383745541385,100.0,l2,liblinear,"{'C': 100, 'penalty': 'l2', 'solver': 'liblinear'}",0.553125,0.5094144942820528,0.4909719342645202,0.5212901723170247,0.5198864858204436,0.5189376173368083,0.02023848463748882,2,0.5559425959112942,0.5654889029546516,0.5767035875960603,0.5848885753291202,0.558564248598052,0.5683175820778357,0.010965328340343578
88,0.054440641403198244,0.013379583493864164,0.001285886764526367,0.0003572443049604207,100.0,l2,sag,"{'C': 100, 'penalty': 'l2', 'solver': 'sag'}",0.5286260914431442,0.45350644872842194,0.4246134859527906,0.4887196529962819,0.4398239670040953,0.4670579292249467,0.03738109405100295,13,0.4909078840963649,0.5066319225501519,0.5116374456751513,0.5078202936641918,0.5220717583391206,0.5078138608649961,0.01005103488448424
89,0.053463315963745116,0.01686404203623575,0.0011609554290771484,0.0003968432265198895,100.0,l2,saga,"{'C': 100, 'penalty': 'l2', 'solver': 'saga'}",0.4938457142385917,0.4170227695399497,0.40265561122798105,0.4606518033833634,0.4277075206223069,0.4403766838024386,0.03285973223577772,22,0.46590776842130865,0.4984447862792268,0.4908174464914565,0.4817126728017984,0.5182440532261904,0.4910253454439961,0.01739866618362346
90,0.00031218528747558596,0.0001897347335890713,0.0,0.0,100.0,elasticnet,newton-cg,"{'C': 100, 'penalty': 'elasticnet', 'solver': 'newton-cg'}",0.0,0.0,0.0,0.0,0.0,0.0,0.0,35,0.0,0.0,0.0,0.0,0.0,0.0,0.0
91,0.00021848678588867187,3.430663581947062e-05,0.0,0.0,100.0,elasticnet,lbfgs,"{'C': 100, 'penalty': 'elasticnet', 'solver': 'lbfgs'}",0.0,0.0,0.0,0.0,0.0,0.0,0.0,35,0.0,0.0,0.0,0.0,0.0,0.0,0.0
92,0.0002608299255371094,2.0782114822712806e-05,0.0,0.0,100.0,elasticnet,liblinear,"{'C': 100, 'penalty': 'elasticnet', 'solver': 'liblinear'}",0.0,0.0,0.0,0.0,0.0,0.0,0.0,35,0.0,0.0,0.0,0.0,0.0,0.0,0.0
93,0.0003265857696533203,0.0001351978741585485,0.0,0.0,100.0,elasticnet,sag,"{'C': 100, 'penalty': 'elasticnet', 'solver': 'sag'}",0.0,0.0,0.0,0.0,0.0,0.0,0.0,35,0.0,0.0,0.0,0.0,0.0,0.0,0.0
94,0.000244903564453125,1.4250492078709713e-05,0.0,0.0,100.0,elasticnet,saga,"{'C': 100, 'penalty': 'elasticnet', 'solver': 'saga'}",0.0,0.0,0.0,0.0,0.0,0.0,0.0,35,0.0,0.0,0.0,0.0,0.0,0.0,0.0
95,0.0007572174072265625,0.0006974456375718151,0.0,0.0,100.0,none,newton-cg,"{'C': 100, 'penalty': 'none', 'solver': 'newton-cg'}",0.0,0.0,0.0,0.0,0.0,0.0,0.0,35,0.0,0.0,0.0,0.0,0.0,0.0,0.0
96,0.0003101825714111328,9.688211642955282e-05,0.0,0.0,100.0,none,lbfgs,"{'C': 100, 'penalty': 'none', 'solver': 'lbfgs'}",0.0,0.0,0.0,0.0,0.0,0.0,0.0,35,0.0,0.0,0.0,0.0,0.0,0.0,0.0
97,0.0002547264099121094,5.890716639620233e-05,0.0,0.0,100.0,none,liblinear,"{'C': 100, 'penalty': 'none', 'solver': 'liblinear'}",0.0,0.0,0.0,0.0,0.0,0.0,0.0,35,0.0,0.0,0.0,0.0,0.0,0.0,0.0
98,0.0002784252166748047,5.281633998574546e-05,0.0,0.0,100.0,none,sag,"{'C': 100, 'penalty': 'none', 'solver': 'sag'}",0.0,0.0,0.0,0.0,0.0,0.0,0.0,35,0.0,0.0,0.0,0.0,0.0,0.0,0.0
99,0.00033636093139648436,0.00010698247325440909,0.0,0.0,100.0,none,saga,"{'C': 100, 'penalty': 'none', 'solver': 'saga'}",0.0,0.0,0.0,0.0,0.0,0.0,0.0,35,0.0,0.0,0.0,0.0,0.0,0.0,0.0
