,mean_fit_time,std_fit_time,mean_score_time,std_score_time,param_max_depth,param_min_samples_leaf,param_min_samples_split,params,split0_test_score,split1_test_score,split2_test_score,split3_test_score,split4_test_score,mean_test_score,std_test_score,rank_test_score,split0_train_score,split1_train_score,split2_train_score,split3_train_score,split4_train_score,mean_train_score,std_train_score
0,0.02990069389343262,0.00503275889276967,0.0014722824096679687,0.00020937763783433815,,1,2,"{'max_depth': None, 'min_samples_leaf': 1, 'min_samples_split': 2}",0.5220921976762155,0.5408524452393346,0.463408200926304,0.46598857531910554,0.6631278625510342,0.5310938563423988,0.07270389848932744,23,1.0,1.0,1.0,1.0,1.0,1.0,0.0
1,0.03558087348937988,0.0008083396753250094,0.0017545223236083984,6.405930548846408e-05,,1,5,"{'max_depth': None, 'min_samples_leaf': 1, 'min_samples_split': 5}",0.5477225575051661,0.5921085306372637,0.48702209326032786,0.47790075734072746,0.6044914319225264,0.5418490741332024,0.05211518169715102,11,0.9728989585387329,0.9699662854159189,0.9713541666666666,0.9756552121896728,0.9799997020495823,0.9739748649721147,0.0035557438856448974
2,0.035251188278198245,0.0007935594042200714,0.0017443180084228515,1.847299399264289e-05,,1,10,"{'max_depth': None, 'min_samples_leaf': 1, 'min_samples_split': 10}",0.5291270714538634,0.5293671616531712,0.48626690142042667,0.46092708994338977,0.5885115019487422,0.5188399452839186,0.04355611336574269,34,0.9256131014844303,0.9145660189617334,0.9484262121543087,0.9344216630892035,0.9140438668226982,0.9274141725024748,0.0129436835162368
3,0.02980914115905762,0.0027601171549720884,0.0014760494232177734,0.00024913251640637084,,2,2,"{'max_depth': None, 'min_samples_leaf': 2, 'min_samples_split': 2}",0.5410202784405774,0.5710669320153,0.46269897238019486,0.5013109978529917,0.6228240100128914,0.5397842381403911,0.055313771991907956,16,0.9523643222613559,0.9465265800590996,0.9534952362502048,0.946408590523946,0.9521223635732124,0.9501834185335637,0.0030693901562183225
4,0.03191709518432617,0.0038512514086551258,0.0015952587127685547,0.00017278311382806931,,2,5,"{'max_depth': None, 'min_samples_leaf': 2, 'min_samples_split': 5}",0.5385254775054571,0.5770739992606925,0.4984447862792268,0.48937872312838687,0.5616525572138379,0.5330151086775202,0.0343246115701974,21,0.9355051372204258,0.9310106604379539,0.9434409113028791,0.9462982488646444,0.9465265800590996,0.9405563075770006,0.006222036373904288
5,0.02813067436218262,0.0010987182073220851,0.0014072418212890624,0.0001761049167123912,,2,10,"{'max_depth': None, 'min_samples_leaf': 2, 'min_samples_split': 10}",0.5145604752334961,0.5716619504750294,0.47952979172869453,0.5008566889160463,0.5891310536439784,0.531147991999449,0.04209646926566978,22,0.8932730146130436,0.8845985595816197,0.9130104361915345,0.9025948717457593,0.8901331815261431,0.89672201273162,0.010020874340754035
6,0.02916088104248047,0.003512577226401016,0.0013086795806884766,0.0002169447148746978,,4,2,"{'max_depth': None, 'min_samples_leaf': 4, 'min_samples_split': 2}",0.5030625164180259,0.6059616675035313,0.542179119815625,0.4909719342645202,0.5898263304304183,0.546400313686424,0.04561066145954582,6,0.8624699983198223,0.8881727466141216,0.9103237926649493,0.8805794849440418,0.8942397355790289,0.8871571516243927,0.015751881938364038
7,0.032515859603881835,0.0010443974621526884,0.001649951934814453,3.064939224759107e-05,,4,5,"{'max_depth': None, 'min_samples_leaf': 4, 'min_samples_split': 5}",0.5307319598962932,0.5716619504750294,0.5596247894794742,0.5302083333333333,0.5723304752949947,0.5529115016958249,0.018873844473586917,1,0.8624699983198223,0.8881727466141216,0.9103237926649493,0.8805794849440418,0.8942397355790289,0.8871571516243927,0.015751881938364038
8,0.02715153694152832,0.0037943647006009845,0.0015047550201416015,0.00020215272733322152,,4,10,"{'max_depth': None, 'min_samples_leaf': 4, 'min_samples_split': 10}",0.513282751414073,0.5662723531498558,0.5427614911965432,0.5024140768003459,0.5765205995736205,0.5402502544268877,0.028836839026695288,15,0.8560110114297297,0.8733778655168916,0.8973240745260858,0.8696823093934426,0.8742116786739721,0.8741213879080243,0.013316281752115995
9,0.02129335403442383,0.002464192362677713,0.001384592056274414,0.0003088641276282959,5,1,2,"{'max_depth': 5, 'min_samples_leaf': 1, 'min_samples_split': 2}",0.34280333180088157,0.458072122695268,0.40959505645784977,0.4322916666666667,0.5328215366133279,0.43511674284679885,0.062055265013436806,44,0.5949340000082683,0.6056237664028923,0.6268904600705456,0.6364759999663959,0.6462032282304027,0.622025490935701,0.019078855127821998
10,0.019890308380126953,0.002608800736117247,0.0012786388397216797,0.00020659362653860548,5,1,5,"{'max_depth': 5, 'min_samples_leaf': 1, 'min_samples_split': 5}",0.3490372456461852,0.458072122695268,0.41504294524314284,0.4258268667917969,0.5328215366133279,0.4361601433979441,0.05994442718227795,43,0.5932732429856467,0.6042885570058688,0.6254314161820428,0.6364759999663959,0.6462032282304027,0.6211344888740713,0.019709397163611916
11,0.023293685913085938,0.004310119447208174,0.0015813827514648438,0.00018504301050927918,5,1,10,"{'max_depth': 5, 'min_samples_leaf': 1, 'min_samples_split': 10}",0.3307173168976454,0.458072122695268,0.41504294524314284,0.4322916666666667,0.5376135862246305,0.43474752754547075,0.06684616565051799,45,0.5916156005034171,0.6042885570058688,0.6254314161820428,0.6328125,0.6426056223094586,0.6193507392001575,0.01873547691305902
12,0.020386600494384767,0.0022931794530623066,0.0014310836791992187,0.0003250416582267516,5,2,2,"{'max_depth': 5, 'min_samples_leaf': 2, 'min_samples_split': 2}",0.3553123051767468,0.46417670722252996,0.40959505645784977,0.4308294733275792,0.5376135862246305,0.4395054256818673,0.060485150532513215,41,0.5932732429856467,0.6029547331714206,0.6254775467755045,0.6344235989370371,0.6450030850320444,0.6202264413803307,0.01932771207030003
13,0.02005343437194824,0.002819296048103535,0.0014294147491455077,0.0003421384066193417,5,2,5,"{'max_depth': 5, 'min_samples_leaf': 2, 'min_samples_split': 5}",0.33660945207712184,0.46417670722252996,0.4205109284024305,0.4308294733275792,0.5376135862246305,0.43794802945085837,0.06518496811851997,42,0.5899610534563737,0.6029547331714206,0.6254314161820428,0.6344235989370371,0.6450030850320444,0.6195547773557838,0.020271078234037728
14,0.01991243362426758,0.0025616588251980775,0.0013423442840576171,0.0002670586688512342,5,2,10,"{'max_depth': 5, 'min_samples_leaf': 2, 'min_samples_split': 10}",0.35579799863644807,0.46417670722252996,0.4205109284024305,0.4372794231113807,0.5376135862246305,0.4430757287194839,0.059233145005052196,40,0.5899610534563737,0.6029547331714206,0.6225156958449743,0.6311684639305489,0.6414082901380539,0.6176016473082743,0.01872697066439875
15,0.021729469299316406,0.002162266310725123,0.001586151123046875,0.00021151732051721635,5,4,2,"{'max_depth': 5, 'min_samples_leaf': 4, 'min_samples_split': 2}",0.36162965089005333,0.47029317637313967,0.4205109284024305,0.4372794231113807,0.5376135862246305,0.4454653530003269,0.05801012912116919,38,0.5826062258764615,0.60009958807246,0.6196839261419405,0.6331977387756723,0.6409320916819838,0.6153039141097036,0.021431226275229334
16,0.021022891998291014,0.0027880982558204093,0.0014733314514160157,0.0001789160500455485,5,4,5,"{'max_depth': 5, 'min_samples_leaf': 4, 'min_samples_split': 5}",0.3621752766178267,0.47029317637313967,0.4205109284024305,0.4308294733275792,0.5376135862246305,0.44428448818912136,0.058094603184616865,39,0.5826062258764615,0.60009958807246,0.6196839261419405,0.6331977387756723,0.6409320916819838,0.6153039141097036,0.021431226275229334
17,0.02286043167114258,0.00016193670712968974,0.0016092777252197266,3.928437911285943e-05,5,4,10,"{'max_depth': 5, 'min_samples_leaf': 4, 'min_samples_split': 10}",0.36799045341838243,0.47029317637313967,0.4205109284024305,0.4372794231113807,0.5376135862246305,0.4467375135059927,0.056199143335859805,37,0.5826062258764615,0.60009958807246,0.6196839261419405,0.6311684639305489,0.6409320916819838,0.614898059140679,0.021105253786025145
18,0.0321202278137207,0.0045940138077772,0.0014566421508789063,0.00022000077971595343,10,1,2,"{'max_depth': 10, 'min_samples_leaf': 1, 'min_samples_split': 2}",0.5001334877796345,0.5582465178543432,0.46949795795524063,0.4970114804443441,0.6173949065130319,0.5284568701093189,0.05303692538654311,28,0.9613520932007771,0.9530456318559697,0.977320821244384,0.9521223635732124,0.9885416666666667,0.9664765153082019,0.014262958178323903
19,0.029624414443969727,0.003754603494547023,0.0013510704040527344,0.0001720673608125882,10,1,5,"{'max_depth': 10, 'min_samples_leaf': 1, 'min_samples_split': 5}",0.5300961075495381,0.5871084878690689,0.5001334877796345,0.47838201250420626,0.6195499997502698,0.5430540190905435,0.05288663194394171,10,0.9372154931617218,0.9304277676932255,0.9544412702282877,0.936352581498771,0.9728290783162611,0.9462532381796533,0.0155143063114961
20,0.02903780937194824,0.0028752969887226153,0.0013163566589355468,0.00018857311441484236,10,1,10,"{'max_depth': 10, 'min_samples_leaf': 1, 'min_samples_split': 10}",0.4878396280473585,0.5373622334465277,0.492349628475186,0.47952979172869453,0.5939512170869513,0.5182064997569436,0.042873807319619386,35,0.8998065272000256,0.8880352406927178,0.9356525100131244,0.9012413530602993,0.9111666109625323,0.9071804483857399,0.01601708044525564
21,0.03353304862976074,0.0006551659505781421,0.0016854763031005859,4.245661231459521e-05,10,2,2,"{'max_depth': 10, 'min_samples_leaf': 2, 'min_samples_split': 2}",0.5197224068147134,0.5548430029027945,0.48626690142042667,0.5084489831323938,0.5837563105549674,0.5306075209650591,0.03460557605408757,25,0.9197278201309247,0.9198758391560545,0.9355051372204258,0.9134989736686349,0.9491555864264097,0.9275526713204899,0.013019954845334362
22,0.029992437362670897,0.0033340337913221256,0.0014053821563720704,0.00020486800056406854,10,2,5,"{'max_depth': 10, 'min_samples_leaf': 2, 'min_samples_split': 5}",0.49066812443171126,0.5662723531498558,0.48626690142042667,0.4984447862792268,0.626601869034338,0.5336508068631117,0.05483844383322749,19,0.9086119840127518,0.9102879868032625,0.9296514477426621,0.9106451001354469,0.9421816249371449,0.9202756287262537,0.013388945681741059
23,0.03501276969909668,0.013689882711970008,0.0014665603637695312,0.00015062457868252613,10,2,10,"{'max_depth': 10, 'min_samples_leaf': 2, 'min_samples_split': 10}",0.5020790110464023,0.5616525572138379,0.4878396280473585,0.5024140768003459,0.5723304752949947,0.525263149680588,0.034639937956763386,29,0.8731624160303254,0.8689879590789521,0.9060841915029217,0.8743565479759674,0.8899814277218466,0.8825145084620027,0.013771465660828338
24,0.026836681365966796,0.0011585222622804785,0.001296663284301758,0.00020183343648211727,10,4,2,"{'max_depth': 10, 'min_samples_leaf': 4, 'min_samples_split': 2}",0.48019603839902475,0.5616525572138379,0.5192847999769614,0.46269897238019486,0.5770739992606925,0.5201812734461423,0.044408303841152776,32,0.8621948717726904,0.8740399577704836,0.9034381854381645,0.8619429127738499,0.8942397355790289,0.8791711326668434,0.016895482203097514
25,0.0323585033416748,0.0074893881225009005,0.0014643192291259766,0.00019283623650118994,10,4,5,"{'max_depth': 10, 'min_samples_leaf': 4, 'min_samples_split': 5}",0.4970114804443441,0.5494788047750493,0.5536262797349568,0.526627134255104,0.5959123250290997,0.5445312048477108,0.032637091152542735,7,0.8621948717726904,0.8738934420061776,0.9034381854381645,0.8594688714666239,0.8942397355790289,0.8786470212525369,0.01742874481490781
26,0.026324081420898437,0.00043107731120768357,0.0012177467346191407,6.317050416071908e-05,10,4,10,"{'max_depth': 10, 'min_samples_leaf': 4, 'min_samples_split': 10}",0.5024140768003459,0.5177145267754467,0.5434136526557332,0.5030625164180259,0.5885115019487422,0.5310232549196587,0.03235994659319094,24,0.8560110114297297,0.8596141373982334,0.8934959446201864,0.8513167568062069,0.8742116786739721,0.8669299057856656,0.015331612947524853
27,0.032811307907104494,0.002530850425461069,0.001466846466064453,0.00016787042504020554,15,1,2,"{'max_depth': 15, 'min_samples_leaf': 1, 'min_samples_split': 2}",0.497696251667488,0.581202449429662,0.4434668599777493,0.46004370622823615,0.6415920154494488,0.5248002565505169,0.07531889749151528,30,0.9971402515216047,0.9957047054745953,1.0,0.9928686286186559,1.0,0.9971427171229712,0.0027079086765066174
28,0.035557794570922854,0.0008980360601914232,0.0016073226928710938,2.2281922330688254e-05,15,1,5,"{'max_depth': 15, 'min_samples_leaf': 1, 'min_samples_split': 5}",0.5415071783578451,0.5700979538993481,0.4680876491928688,0.47952979172869453,0.6059616675035313,0.5330368481364576,0.05262072759471357,20,0.9714908122128193,0.9656874387429634,0.9727909988632553,0.9728060580263482,0.9799997020495823,0.9725550019789937,0.004557152783671451
29,0.03555550575256348,0.0011889075981995568,0.0016250133514404297,2.122777060692938e-05,15,1,10,"{'max_depth': 15, 'min_samples_leaf': 1, 'min_samples_split': 10}",0.5053950584227495,0.5586334612249554,0.47892508245532167,0.46092708994338977,0.6119897541381011,0.5231740892369035,0.055307046300670716,31,0.927024391910787,0.9171917437240269,0.9484262121543087,0.930097005918912,0.9126197669224105,0.9270718241260891,0.012422896674480183
30,0.03583450317382812,0.005395288127574443,0.001531696319580078,0.00015650552467484324,15,2,2,"{'max_depth': 15, 'min_samples_leaf': 2, 'min_samples_split': 2}",0.5322395836388861,0.5994149194122841,0.49313302158331423,0.4519788506792427,0.6256856703965138,0.5404904091420482,0.0646148972144817,13,0.9538575478106643,0.9480165683535416,0.9536083039606383,0.9437961590567144,0.9480165683535416,0.9494590295070202,0.0038155715654270258
31,0.028204965591430663,0.0010362598901698281,0.0011971473693847656,4.554466377796722e-05,15,2,5,"{'max_depth': 15, 'min_samples_leaf': 2, 'min_samples_split': 5}",0.528319937608735,0.5830951894845301,0.48092379321521334,0.5013109978529917,0.6028580008298084,0.5393015837982558,0.046752851574524065,17,0.9358124485068886,0.9352279958520731,0.9448171614767801,0.9423040609572727,0.9437961590567144,0.9403915651699458,0.0040611712560736845
32,0.02787466049194336,0.0010609027374137814,0.0012081623077392577,5.898065097864091e-05,15,2,10,"{'max_depth': 15, 'min_samples_leaf': 2, 'min_samples_split': 10}",0.518685036741231,0.5999490046367919,0.49583333333333335,0.5127754905273845,0.5777017033969172,0.5409889137271315,0.04038962209123605,12,0.8932730146130436,0.8842653708075534,0.9128681505855294,0.9012413530602993,0.8901331815261431,0.8963562141185137,0.009908878586174561
33,0.026013517379760744,0.0015802731305830128,0.0011601924896240234,8.543684456839291e-05,15,4,2,"{'max_depth': 15, 'min_samples_leaf': 4, 'min_samples_split': 2}",0.5030625164180259,0.5885115019487422,0.553125,0.48937872312838687,0.5885115019487422,0.5445178486887794,0.04172249716700388,8,0.8624699983198223,0.8880352406927178,0.9117071879845867,0.8758348973602733,0.8942397355790289,0.8864574119872858,0.016666368070334156
34,0.028514766693115236,0.002838006863512843,0.0012817859649658203,0.00016510705395567473,15,4,5,"{'max_depth': 15, 'min_samples_leaf': 4, 'min_samples_split': 5}",0.5037754637351587,0.5825090745511257,0.5590929766924082,0.5123346547037056,0.6020148601435488,0.5519454059651895,0.03842272972185606,2,0.8624699983198223,0.8880352406927178,0.9103237926649493,0.8731624160303254,0.8942397355790289,0.8856462366573687,0.016622401363411463
35,0.03282432556152344,0.0017235437911707185,0.0016323089599609374,2.2379670178966752e-05,15,4,10,"{'max_depth': 15, 'min_samples_leaf': 4, 'min_samples_split': 10}",0.5198864858204436,0.5770739992606925,0.5481826469436486,0.5001439452972025,0.6119897541381011,0.5514553662920176,0.0399021134722275,3,0.8560110114297297,0.8736215507961839,0.9000285299202884,0.8648051500017049,0.8742116786739721,0.8737355841643758,0.01473412229536629
36,0.03483991622924805,0.00282976623081223,0.001554250717163086,0.00019838402952180087,20,1,2,"{'max_depth': 20, 'min_samples_leaf': 1, 'min_samples_split': 2}",0.5677622905146916,0.5633585066523304,0.4398239670040953,0.5060480768510598,0.6447916666666667,0.5443569015377687,0.06839695275037616,9,1.0,1.0,1.0,1.0,1.0,1.0,0.0
37,0.03147058486938477,0.0051751719552089745,0.0012828350067138673,0.0002022766943167083,20,1,5,"{'max_depth': 20, 'min_samples_leaf': 1, 'min_samples_split': 5}",0.5343749921296925,0.5863954716083737,0.47642210483773945,0.43376122158539177,0.6187521702392743,0.5299411920800944,0.06813077648925471,26,0.9714908122128193,0.9671034925155768,0.9728060580263482,0.9770833333333333,0.9785842853613351,0.9734135962898826,0.004100892742632696
38,0.034355783462524415,0.004560360286448656,0.0013747692108154296,0.0002123416098377068,20,1,10,"{'max_depth': 20, 'min_samples_leaf': 1, 'min_samples_split': 10}",0.49397956428999734,0.5645833333333333,0.4963904801382978,0.44897017655002686,0.5830951894845301,0.517403748759237,0.04942607058354306,36,0.9212146448643168,0.9188108975309975,0.9484262121543087,0.9286338862598525,0.9126197669224105,0.9259410815463772,0.012356928799617332
39,0.03331212997436524,0.0029725110719384835,0.0015345096588134765,0.00017994304211875947,20,2,2,"{'max_depth': 20, 'min_samples_leaf': 2, 'min_samples_split': 2}",0.5042839731553992,0.5716619504750294,0.463408200926304,0.47291666666666665,0.6327957448243018,0.5290133072095402,0.06426835013136904,27,0.9538575478106643,0.9451603146554072,0.9536083039606383,0.9476747333151756,0.9493830388740928,0.9499367877231956,0.0033790712938713535
40,0.029146814346313478,0.005285928327946815,0.0013875007629394532,0.0002920042913651873,20,2,5,"{'max_depth': 20, 'min_samples_leaf': 2, 'min_samples_split': 5}",0.5602069690042095,0.5765205995736205,0.4560199698161541,0.47838201250420626,0.6037786221489814,0.5349816346094344,0.05750354828968674,18,0.9370067097498185,0.9379572036141202,0.9448171614767801,0.9462982488646444,0.9465265800590996,0.9425211807528926,0.004167019855350386
41,0.031156444549560548,0.006919558437581153,0.0013275146484375,0.00025787188632426676,20,2,10,"{'max_depth': 20, 'min_samples_leaf': 2, 'min_samples_split': 10}",0.4928701383720465,0.5555582513737215,0.48702209326032786,0.47838201250420626,0.5830951894845301,0.5193855369989665,0.04195028715284268,33,0.8905232965472648,0.8800637640066384,0.9130104361915345,0.9038113974350545,0.8901331815261431,0.8955084151413271,0.011554583924129542
42,0.031315183639526366,0.008334590631129991,0.0013477325439453125,0.0003294356220420407,20,4,2,"{'max_depth': 20, 'min_samples_leaf': 4, 'min_samples_split': 2}",0.5024140768003459,0.5885115019487422,0.5548430029027945,0.5247353077336568,0.5830951894845301,0.5507198157740139,0.03317232616147142,4,0.8624699983198223,0.8881727466141216,0.9103237926649493,0.8805794849440418,0.8942397355790289,0.8871571516243927,0.015751881938364038
43,0.030371379852294923,0.0028690661437223196,0.0014252185821533204,0.00025712381627478924,20,4,5,"{'max_depth': 20, 'min_samples_leaf': 4, 'min_samples_split': 5}",0.49162927740852536,0.5945284284940306,0.553125,0.5024140768003459,0.6059616675035313,0.5495316900412867,0.04646443708999585,5,0.8624699983198223,0.8881727466141216,0.9103237926649493,0.8805794849440418,0.8942397355790289,0.8871571516243927,0.015751881938364038
44,0.02316908836364746,0.003774008712691655,0.0010192394256591797,0.00024679421032277606,20,4,10,"{'max_depth': 20, 'min_samples_leaf': 4, 'min_samples_split': 10}",0.5084489831323938,0.5777017033969172,0.5427614911965432,0.48937872312838687,0.5830951894845301,0.5402772180677542,0.03699685315691671,14,0.8562324344865183,0.8736215507961839,0.8973240745260858,0.8722586508692773,0.8742116786739721,0.8747296778704075,0.013116836632796848
