,mean_fit_time,std_fit_time,mean_score_time,std_score_time,param_C,param_gamma,param_kernel,params,split0_test_score,split1_test_score,split2_test_score,split3_test_score,split4_test_score,mean_test_score,std_test_score,rank_test_score,split0_train_score,split1_train_score,split2_train_score,split3_train_score,split4_train_score,mean_train_score,std_train_score
0,0.024479198455810546,0.00863347075716165,0.007355928421020508,0.001314196184793756,0.01,scale,linear,"{'C': 0.01, 'gamma': 'scale', 'kernel': 'linear'}",0.4358425990115926,0.38797014489949266,0.3475774011869842,0.43075201199926333,0.36155299658381584,0.39273903073622973,0.0356027755221282,46,0.4272342435370635,0.4318638256456593,0.4621777549372451,0.43130660217565975,0.4626850093284799,0.44305348712482145,0.01590333663801371
1,0.05253877639770508,0.013920236802856822,0.023635053634643556,0.0022255354006384203,0.01,scale,rbf,"{'C': 0.01, 'gamma': 'scale', 'kernel': 'rbf'}",0.0,0.0,0.0,0.0,0.0,0.0,0.0,85,0.0,0.0,0.0,0.0,0.0,0.0,0.0
2,0.05263452529907227,0.000821761400207264,0.01225123405456543,9.480088752410106e-05,0.01,scale,poly,"{'C': 0.01, 'gamma': 'scale', 'kernel': 'poly'}",0.0,0.0,0.0,-0.048725445517057174,0.0,-0.009745089103411434,0.019490178206822868,98,0.029204083016228455,0.0,0.04131549501122744,0.04131549501122744,0.04131549501122744,0.030630113609982156,0.016017300334856505
3,0.09656982421875,0.010875013579951881,0.02249436378479004,0.00225391408619747,0.01,scale,sigmoid,"{'C': 0.01, 'gamma': 'scale', 'kernel': 'sigmoid'}",0.0,0.0,0.0,0.0,0.0,0.0,0.0,85,0.0,0.0,0.0,0.0,0.0,0.0,0.0
4,0.03670477867126465,0.005251361019645085,0.00794377326965332,0.0012449804874076853,0.01,auto,linear,"{'C': 0.01, 'gamma': 'auto', 'kernel': 'linear'}",0.4358425990115926,0.38797014489949266,0.3475774011869842,0.43075201199926333,0.36155299658381584,0.39273903073622973,0.0356027755221282,46,0.4272342435370635,0.4318638256456593,0.4621777549372451,0.43130660217565975,0.4626850093284799,0.44305348712482145,0.01590333663801371
5,0.047778654098510745,0.002283490185037985,0.02082648277282715,0.0014894099400895476,0.01,auto,rbf,"{'C': 0.01, 'gamma': 'auto', 'kernel': 'rbf'}",0.0,0.0,0.0,0.0,0.0,0.0,0.0,85,0.0,0.0,0.0,0.0,0.0,0.0,0.0
6,0.06357364654541016,0.028385556242242205,0.011182165145874024,0.002757122975522776,0.01,auto,poly,"{'C': 0.01, 'gamma': 'auto', 'kernel': 'poly'}",0.0,0.0,0.0,-0.048725445517057174,0.0,-0.009745089103411434,0.019490178206822868,98,0.029204083016228455,0.0,0.029204083016228455,0.04131549501122744,0.029204083016228455,0.025785548811982563,0.013719569124454113
7,0.0792381763458252,0.009079535406187127,0.018367290496826172,0.00226041153604144,0.01,auto,sigmoid,"{'C': 0.01, 'gamma': 'auto', 'kernel': 'sigmoid'}",0.0,0.0,0.0,0.0,0.0,0.0,0.0,85,0.0,0.0,0.0,0.0,0.0,0.0,0.0
8,0.04312553405761719,0.0008465204212671066,0.00969996452331543,0.0002909298586417511,0.01,0.01,linear,"{'C': 0.01, 'gamma': 0.01, 'kernel': 'linear'}",0.4358425990115926,0.38797014489949266,0.3475774011869842,0.43075201199926333,0.36155299658381584,0.39273903073622973,0.0356027755221282,46,0.4272342435370635,0.4318638256456593,0.4621777549372451,0.43130660217565975,0.4626850093284799,0.44305348712482145,0.01590333663801371
9,0.06946191787719727,0.02524366305429882,0.023694753646850586,0.002794238735660803,0.01,0.01,rbf,"{'C': 0.01, 'gamma': 0.01, 'kernel': 'rbf'}",0.0,0.0,0.0,0.0,0.0,0.0,0.0,85,0.0,0.0,0.0,0.0,0.0,0.0,0.0
10,0.04038677215576172,0.005403626611212632,0.010557794570922851,0.0027501957460492033,0.01,0.01,poly,"{'C': 0.01, 'gamma': 0.01, 'kernel': 'poly'}",0.0,0.0,0.0,0.0,0.0,0.0,0.0,85,0.0,0.0,0.0,0.0,0.0,0.0,0.0
11,0.07622885704040527,0.011489464617501562,0.017728185653686522,0.0027861577428485353,0.01,0.01,sigmoid,"{'C': 0.01, 'gamma': 0.01, 'kernel': 'sigmoid'}",0.0,0.0,0.0,0.0,0.0,0.0,0.0,85,0.0,0.0,0.0,0.0,0.0,0.0,0.0
12,0.043839216232299805,0.001595693091405165,0.00966339111328125,6.188574803117217e-05,0.01,0.1,linear,"{'C': 0.01, 'gamma': 0.1, 'kernel': 'linear'}",0.4358425990115926,0.38797014489949266,0.3475774011869842,0.43075201199926333,0.36155299658381584,0.39273903073622973,0.0356027755221282,46,0.4272342435370635,0.4318638256456593,0.4621777549372451,0.43130660217565975,0.4626850093284799,0.44305348712482145,0.01590333663801371
13,0.07028865814208984,0.016097089415698096,0.024776744842529296,0.0025625837361061207,0.01,0.1,rbf,"{'C': 0.01, 'gamma': 0.1, 'kernel': 'rbf'}",0.0,0.0,0.0,0.0,0.0,0.0,0.0,85,0.0,0.0,0.0,0.0,0.0,0.0,0.0
14,0.04566650390625,0.007115937498293875,0.010002374649047852,0.0014913900423049933,0.01,0.1,poly,"{'C': 0.01, 'gamma': 0.1, 'kernel': 'poly'}",0.31622776601683794,0.33941492632445913,0.3045547950507524,0.2777552847393363,0.3458560258028368,0.3167617595868445,0.02461886472702066,60,0.5252176513354185,0.5354479857600974,0.513069074676508,0.5320678889161903,0.5416025603090641,0.5294810321994557,0.009764799765552537
15,0.11694607734680176,0.017380566161770115,0.02557835578918457,0.0027594359509009476,0.01,0.1,sigmoid,"{'C': 0.01, 'gamma': 0.1, 'kernel': 'sigmoid'}",0.0,0.0,0.05847053462046861,0.05847053462046861,0.05847053462046861,0.03508232077228117,0.028644594961577313,83,0.029204083016228455,0.029204083016228455,0.0828078671210825,0.0,0.029204083016228455,0.03408402323395358,0.02685954226168313
16,0.03622832298278809,0.005695323881780181,0.008014154434204102,0.0013944843677561698,0.01,1,linear,"{'C': 0.01, 'gamma': 1, 'kernel': 'linear'}",0.4358425990115926,0.38797014489949266,0.3475774011869842,0.43075201199926333,0.36155299658381584,0.39273903073622973,0.0356027755221282,46,0.4272342435370635,0.4318638256456593,0.4621777549372451,0.43130660217565975,0.4626850093284799,0.44305348712482145,0.01590333663801371
17,0.08668432235717774,0.04248348233514359,0.032335662841796876,0.014199282796166005,0.01,1,rbf,"{'C': 0.01, 'gamma': 1, 'kernel': 'rbf'}",0.0,0.0,0.0,0.0,0.0,0.0,0.0,85,0.0,0.0,0.0,0.0,0.0,0.0,0.0
18,0.11773004531860351,0.011378158587460992,0.006145668029785156,0.00011661485320017698,0.01,1,poly,"{'C': 0.01, 'gamma': 1, 'kernel': 'poly'}",0.40959505645784977,0.4523517708899695,0.4169489616279958,0.4588732537680524,0.3544304092945183,0.41843989040767715,0.03731632387864419,31,1.0,1.0,1.0,1.0,1.0,1.0,0.0
19,0.10736613273620606,0.012407003168735381,0.024301671981811525,0.0023640137840022727,0.01,1,sigmoid,"{'C': 0.01, 'gamma': 1, 'kernel': 'sigmoid'}",0.21487921473022215,0.21288172173998499,0.07983111372784098,0.12368426996477437,0.08617628550468762,0.143490521133502,0.05939901284932178,72,0.09661406034951102,0.1352765291174853,0.14908521084661341,0.10860419786947369,0.18088795341357272,0.1340935903193312,0.029900785079497238
20,0.054934024810791016,0.018899578537552506,0.00954732894897461,0.002955981417026077,0.1,scale,linear,"{'C': 0.1, 'gamma': 'scale', 'kernel': 'linear'}",0.5004675506229855,0.42952668153313617,0.4140711053607331,0.48548919438979216,0.4277075206223069,0.4514524105057907,0.03464940397404679,24,0.5026225346819152,0.5171035330795377,0.5144957554275266,0.5104648767535069,0.526627134255104,0.514262766839518,0.007885693271849901
21,0.06207399368286133,0.00923621720211848,0.02429056167602539,0.0021336244382565155,0.1,scale,rbf,"{'C': 0.1, 'gamma': 'scale', 'kernel': 'rbf'}",0.3262386774341852,0.2777552847393363,0.23086496854658767,0.31400778949217395,0.22160265422684464,0.27409387488782555,0.04230761993703286,69,0.3403435373368466,0.31742729998495756,0.34056953608051727,0.3341160220462611,0.35583986155368363,0.33765925140045316,0.012394321811107415
22,0.040643167495727536,0.0003224762800186043,0.009319925308227539,5.366327157976999e-05,0.1,scale,poly,"{'C': 0.1, 'gamma': 'scale', 'kernel': 'poly'}",0.1311651671567906,0.1873171623163388,0.08429272304235247,0.1311651671567906,0.2203772730130867,0.15086349853707184,0.04768385704436496,71,0.17687710155012973,0.168408856744265,0.20329783314198013,0.18613831253038005,0.2344335153121429,0.19383112385577958,0.023371275789751254
23,0.07554693222045898,0.0011153002219398257,0.016954612731933594,0.0002483867779539189,0.1,scale,sigmoid,"{'C': 0.1, 'gamma': 'scale', 'kernel': 'sigmoid'}",0.3418904447057735,0.33125016798361595,0.27132664409000523,0.34209664457047206,0.2844053967301721,0.31419385961600776,0.030204418805976765,63,0.33749309911661846,0.36533850361304954,0.3462265445016385,0.3565107071144483,0.33769039867496237,0.34865185060414344,0.010869768048455611
24,0.04172272682189941,0.006031132999794683,0.007059574127197266,0.0009630882189573966,0.1,auto,linear,"{'C': 0.1, 'gamma': 'auto', 'kernel': 'linear'}",0.5004675506229855,0.42952668153313617,0.4140711053607331,0.48548919438979216,0.4277075206223069,0.4514524105057907,0.03464940397404679,24,0.5026225346819152,0.5171035330795377,0.5144957554275266,0.5104648767535069,0.526627134255104,0.514262766839518,0.007885693271849901
25,0.07406120300292969,0.020507883709687397,0.023924732208251955,0.001354481187862922,0.1,auto,rbf,"{'C': 0.1, 'gamma': 'auto', 'kernel': 'rbf'}",0.32479480419293394,0.30220332310616294,0.24344264753433598,0.318987492989938,0.23393538427390906,0.284672730419456,0.038389590887914125,67,0.33417885237188577,0.32607732536301237,0.3479066887829818,0.33108842393015675,0.3582288195397959,0.33949602199756657,0.011837892016698012
26,0.05251445770263672,0.0005101596409248116,0.012262439727783203,0.00014897430715902227,0.1,auto,poly,"{'C': 0.1, 'gamma': 'auto', 'kernel': 'poly'}",0.1442541110503035,0.10156370535982988,0.06361552378075955,-0.048725445517057174,0.11744404390294069,0.07563038771535531,0.06743717732300004,82,0.13801311186847084,0.11744404390294069,0.13801311186847084,0.13479135523038926,0.1442541110503035,0.13450314678411504,0.00906440366627913
27,0.08635525703430176,0.01027447898077117,0.020257949829101562,0.0029021412201362153,0.1,auto,sigmoid,"{'C': 0.1, 'gamma': 'auto', 'kernel': 'sigmoid'}",0.3422356028934736,0.28935351546451477,0.25877458475338283,0.3418288429480381,0.2595762776136664,0.2983537647346151,0.037328026007785516,64,0.32256805870321686,0.3615405438147931,0.3476686204181643,0.3463706305006134,0.33292724607803187,0.34221501990296394,0.013362279442466632
28,0.053105831146240234,0.02337497915076731,0.009696722030639648,0.004303222826965767,0.1,0.01,linear,"{'C': 0.1, 'gamma': 0.01, 'kernel': 'linear'}",0.5004675506229855,0.42952668153313617,0.4140711053607331,0.48548919438979216,0.4277075206223069,0.4514524105057907,0.03464940397404679,24,0.5026225346819152,0.5171035330795377,0.5144957554275266,0.5104648767535069,0.526627134255104,0.514262766839518,0.007885693271849901
29,0.05617842674255371,0.009573367185317837,0.02321038246154785,0.002346479311543188,0.1,0.01,rbf,"{'C': 0.1, 'gamma': 0.01, 'kernel': 'rbf'}",0.28674705867955413,0.32179795146741913,0.2448080240558681,0.30362884611063584,0.2472734920976769,0.28085107448223084,0.030518164321203314,68,0.291153381193743,0.31634994151349743,0.32742483973365427,0.29509061573110396,0.33559160501416657,0.313122076637233,0.017479273504534865
30,0.04669833183288574,0.007364975931040412,0.010642910003662109,0.0021953358149850153,0.1,0.01,poly,"{'C': 0.1, 'gamma': 0.01, 'kernel': 'poly'}",0.0,0.0,0.0,-0.048725445517057174,0.0,-0.009745089103411434,0.019490178206822868,98,0.029204083016228455,0.0,0.029204083016228455,0.04131549501122744,0.029204083016228455,0.025785548811982563,0.013719569124454113
31,0.0707059383392334,0.008826331740835244,0.01659998893737793,0.0019571634493731485,0.1,0.01,sigmoid,"{'C': 0.1, 'gamma': 0.01, 'kernel': 'sigmoid'}",0.26976076708506036,0.2755944434017907,0.22593091005748414,0.22398277694503826,0.22004817439395047,0.2430634143766648,0.024324108171013884,70,0.24524654571132884,0.26363161404425633,0.28668875329588506,0.25808983002117764,0.2775843700256825,0.266248222619666,0.014565712996805518
32,0.03937087059020996,0.0052736354695933135,0.00706024169921875,0.001045868511000957,0.1,0.1,linear,"{'C': 0.1, 'gamma': 0.1, 'kernel': 'linear'}",0.5004675506229855,0.42952668153313617,0.4140711053607331,0.48548919438979216,0.4277075206223069,0.4514524105057907,0.03464940397404679,24,0.5026225346819152,0.5171035330795377,0.5144957554275266,0.5104648767535069,0.526627134255104,0.514262766839518,0.007885693271849901
33,0.053709793090820315,0.0012487786036722063,0.023496723175048827,0.00022124620338393654,0.1,0.1,rbf,"{'C': 0.1, 'gamma': 0.1, 'kernel': 'rbf'}",0.0,0.0069006555934235415,0.05847053462046861,0.0828078671210825,0.0,0.029635811466994934,0.034444618497027894,84,0.04131549501122744,0.10978000696057542,0.10978000696057542,0.07743201756866308,0.10574873852167095,0.08881125300454247,0.02665179066046015
34,0.05469555854797363,0.0051072816951925285,0.008016681671142578,0.0011021949097539804,0.1,0.1,poly,"{'C': 0.1, 'gamma': 0.1, 'kernel': 'poly'}",0.41957682440204647,0.38062983671795764,0.4319888941900899,0.39210087289301937,0.37906278700398444,0.4006718430414195,0.02135533124293581,42,0.8423840557197956,0.8394698184795851,0.8423291333566721,0.8366220290167413,0.8438720326966508,0.8409354138538889,0.0025852661793430627
35,0.0829857349395752,0.01195851374062224,0.01967453956604004,0.005618394671870773,0.1,0.1,sigmoid,"{'C': 0.1, 'gamma': 0.1, 'kernel': 'sigmoid'}",0.20242957843690204,0.19503501883850258,0.08623964277328079,0.12738223613744948,-0.00946555937784399,0.12032418336165818,0.07794864229042447,73,0.058783647539517314,0.10222694126186238,0.10658720923648325,0.09465716789104588,0.1265300684698433,0.09775700687975042,0.022155692723665143
36,0.03413262367248535,0.002343199922529365,0.00600581169128418,0.00028126697228561185,0.1,1,linear,"{'C': 0.1, 'gamma': 1, 'kernel': 'linear'}",0.5004675506229855,0.42952668153313617,0.4140711053607331,0.48548919438979216,0.4277075206223069,0.4514524105057907,0.03464940397404679,24,0.5026225346819152,0.5171035330795377,0.5144957554275266,0.5104648767535069,0.526627134255104,0.514262766839518,0.007885693271849901
37,0.07419877052307129,0.012923059819925118,0.0251035213470459,0.0033760203459581415,0.1,1,rbf,"{'C': 0.1, 'gamma': 1, 'kernel': 'rbf'}",0.0,0.0,0.0,0.0,0.0,0.0,0.0,85,0.0,0.0,0.0,0.0,0.0,0.0,0.0
38,0.12787165641784667,0.010821716515060677,0.007429838180541992,0.0010581007944991483,0.1,1,poly,"{'C': 0.1, 'gamma': 1, 'kernel': 'poly'}",0.40959505645784977,0.4523517708899695,0.4169489616279958,0.4588732537680524,0.3544304092945183,0.41843989040767715,0.03731632387864419,31,1.0,1.0,1.0,1.0,1.0,1.0,0.0
39,0.08263869285583496,0.014878110090814578,0.015777063369750977,0.000647454322165366,0.1,1,sigmoid,"{'C': 0.1, 'gamma': 1, 'kernel': 'sigmoid'}",0.12651201921276495,0.14957457067600588,-0.015576399571225837,0.06373386344050547,0.1776744447497713,0.10038369970156436,0.0690887042274325,77,-0.016984194165363047,0.07593496873890444,0.0018203408579722676,-0.011725049326083486,0.07891660655750296,0.025592534532586624,0.042774558847303065
40,0.1153656005859375,0.018444941218628032,0.007336282730102539,0.00010755099892893425,1.0,scale,linear,"{'C': 1, 'gamma': 'scale', 'kernel': 'linear'}",0.5302083333333333,0.48548919438979216,0.4741364750682446,0.48347689274019673,0.4984447862792268,0.4943511363621587,0.019534135585544427,17,0.526627134255104,0.558719998352738,0.5546753212150223,0.5626887963208895,0.5544172664890893,0.5514257033265686,0.012763561401866103
41,0.07300066947937012,0.02881807769631628,0.024361562728881837,0.007131116616430853,1.0,scale,rbf,"{'C': 1, 'gamma': 'scale', 'kernel': 'rbf'}",0.5053247524772089,0.47790075734072746,0.4532951213167511,0.4674725261357379,0.4541055904999705,0.47161974955407915,0.01915836898253426,23,0.6905472473488096,0.6858054437713883,0.6685375914828102,0.7003581582108886,0.701598400122142,0.6893693681872077,0.011986280536288817
42,0.04052858352661133,0.001736141144177297,0.008641433715820313,0.00017697413972080217,1.0,scale,poly,"{'C': 1, 'gamma': 'scale', 'kernel': 'poly'}",0.3426241444320965,0.33590861541541456,0.31889831116794976,0.3600783994768054,0.3603749850782236,0.343576891114098,0.015641088361502273,56,0.5805980633555903,0.5988784566951105,0.5690959772565968,0.5945433505536178,0.6404960584552724,0.5967223812632376,0.024284742030084946
43,0.0463597297668457,0.0010553256244966527,0.010645008087158203,0.00011120601107992202,1.0,scale,sigmoid,"{'C': 1, 'gamma': 'scale', 'kernel': 'sigmoid'}",0.383593802967332,0.401773640742616,0.23474745285441959,0.31568169797684364,0.23924479847635519,0.31500827860351327,0.06987783737916715,62,0.2758670630629636,0.2892032488360574,0.3143867112375718,0.3015984213158433,0.3086611254368875,0.2979433139778648,0.013873472519196874
44,0.09649200439453125,0.010093252840670516,0.006020259857177734,0.0006800000389988492,1.0,auto,linear,"{'C': 1, 'gamma': 'auto', 'kernel': 'linear'}",0.5302083333333333,0.48548919438979216,0.4741364750682446,0.48347689274019673,0.4984447862792268,0.4943511363621587,0.019534135585544427,17,0.526627134255104,0.558719998352738,0.5546753212150223,0.5626887963208895,0.5544172664890893,0.5514257033265686,0.012763561401866103
45,0.05535359382629394,0.0067260595014708826,0.020691299438476564,0.0018404526831161004,1.0,auto,rbf,"{'C': 1, 'gamma': 'auto', 'kernel': 'rbf'}",0.4938480474601814,0.47838201250420626,0.4594012461351134,0.4741364750682446,0.46004370622823615,0.47316229747919636,0.012787170677654988,22,0.6532978107698282,0.6470445884123683,0.6527156465396445,0.6704122648002847,0.6598463543612606,0.6566633329766772,0.007982430285925074
46,0.04619717597961426,0.004114771392405546,0.010561609268188476,0.0013673828159909498,1.0,auto,poly,"{'C': 1, 'gamma': 'auto', 'kernel': 'poly'}",0.2975021019012254,0.3763579955993851,0.27505193590855836,0.3041934577382001,0.3548989427042511,0.321600886770324,0.0378356348970205,57,0.4754690328765703,0.5035681189597426,0.4859126579037751,0.496970246018513,0.4863095295702224,0.48964591706576466,0.009731662252560665
47,0.05824956893920898,0.006746659766652397,0.013214349746704102,0.002183548618729571,1.0,auto,sigmoid,"{'C': 1, 'gamma': 'auto', 'kernel': 'sigmoid'}",0.4307196567998502,0.3643995192594839,0.25112579936813495,0.38421785609023734,0.3286872021011554,0.3518300067237724,0.0601788486198001,55,0.32395833333333335,0.32701641557863265,0.35412092035707365,0.3457520054262831,0.36206697378043545,0.3425829296951516,0.014913002345617528
48,0.10194573402404786,0.009085015176742733,0.00713052749633789,0.0009848984018665393,1.0,0.01,linear,"{'C': 1, 'gamma': 0.01, 'kernel': 'linear'}",0.5302083333333333,0.48548919438979216,0.4741364750682446,0.48347689274019673,0.4984447862792268,0.4943511363621587,0.019534135585544427,17,0.526627134255104,0.558719998352738,0.5546753212150223,0.5626887963208895,0.5544172664890893,0.5514257033265686,0.012763561401866103
49,0.047528982162475586,0.004997650389610522,0.0184450626373291,0.00036394970242513577,1.0,0.01,rbf,"{'C': 1, 'gamma': 0.01, 'kernel': 'rbf'}",0.48233502060557243,0.44664628743529533,0.4307196567998502,0.41236878165537727,0.37308077328648825,0.42903010395651664,0.03622851338760071,29,0.5445758800806633,0.5375553946546452,0.5574951531770026,0.5558762074094152,0.5433635217613075,0.5477732314166067,0.007671333203021243
50,0.04722452163696289,0.014127972544165718,0.009136247634887695,0.00015717281861660272,1.0,0.01,poly,"{'C': 1, 'gamma': 0.01, 'kernel': 'poly'}",0.1442541110503035,0.13149549909567532,0.08328048276059437,0.06361552378075955,0.13149549909567532,0.11082822315660161,0.03149437903577527,74,0.15603789952109878,0.14116585222331576,0.16705381391691138,0.15885741414097174,0.14582113229055066,0.15378722241856968,0.009268575068898145
51,0.07017645835876465,0.01065850941594123,0.018715667724609374,0.008826022776717436,1.0,0.01,sigmoid,"{'C': 1, 'gamma': 0.01, 'kernel': 'sigmoid'}",0.4763225062694647,0.381752187041546,0.34832394549969725,0.42843384034825677,0.34503277967117707,0.39597305176602837,0.050154400159845486,45,0.40959505645784977,0.42286204019109386,0.44783250859325613,0.4044834663780271,0.44126255639716466,0.42520712560347834,0.01701993533299626
52,0.10093116760253906,0.008410318307091278,0.006780672073364258,0.0008018203535239679,1.0,0.1,linear,"{'C': 1, 'gamma': 0.1, 'kernel': 'linear'}",0.5302083333333333,0.48548919438979216,0.4741364750682446,0.48347689274019673,0.4984447862792268,0.4943511363621587,0.019534135585544427,17,0.526627134255104,0.558719998352738,0.5546753212150223,0.5626887963208895,0.5544172664890893,0.5514257033265686,0.012763561401866103
53,0.06971468925476074,0.009643135385879735,0.0245058536529541,0.0019438711857504294,1.0,0.1,rbf,"{'C': 1, 'gamma': 0.1, 'kernel': 'rbf'}",0.42482160997013685,0.3770799423770545,0.3843999840834385,0.3775941936782119,0.3121692233235878,0.3752129906864859,0.03613609883348176,54,0.9284419889107285,0.9341498974001884,0.9283875277863012,0.9412698648820392,0.9384025238369818,0.9341303605632477,0.005187715932944633
54,0.12097196578979492,0.00608558773934654,0.008439779281616211,0.0009583595581442548,1.0,0.1,poly,"{'C': 1, 'gamma': 0.1, 'kernel': 'poly'}",0.3740446411754255,0.44306431386287126,0.44133132118473206,0.4519788506792427,0.3755461532954145,0.41719305603953727,0.03480884815032185,38,0.9942734225312736,0.9928404921481778,0.9871235140583121,0.9885487036625412,0.9899791866262521,0.9905530638053113,0.002652621478436205
55,0.06988005638122559,0.01513921429305586,0.013158798217773438,0.002229412284207753,1.0,0.1,sigmoid,"{'C': 1, 'gamma': 0.1, 'kernel': 'sigmoid'}",0.13886751972361297,0.15562560925113628,0.024916194774735875,0.1468009491873921,-0.04239039033992973,0.0847639765193895,0.0794319083865178,79,0.04086480323124212,0.04379211777905915,0.07211693202910822,0.04733904359377058,0.07522247218999346,0.05586707376463471,0.014712507084964913
56,0.101707124710083,0.01622614831787421,0.007093095779418945,0.0009779193628182412,1.0,1,linear,"{'C': 1, 'gamma': 1, 'kernel': 'linear'}",0.5302083333333333,0.48548919438979216,0.4741364750682446,0.48347689274019673,0.4984447862792268,0.4943511363621587,0.019534135585544427,17,0.526627134255104,0.558719998352738,0.5546753212150223,0.5626887963208895,0.5544172664890893,0.5514257033265686,0.012763561401866103
57,0.08012275695800782,0.01300823040620418,0.02529749870300293,0.0031608496308067934,1.0,1,rbf,"{'C': 1, 'gamma': 1, 'kernel': 'rbf'}",0.0,0.0,0.0,0.0,0.0,0.0,0.0,85,1.0,1.0,1.0,1.0,1.0,1.0,0.0
58,0.13793067932128905,0.012151880832201837,0.008052873611450195,0.0009469629575855657,1.0,1,poly,"{'C': 1, 'gamma': 1, 'kernel': 'poly'}",0.40959505645784977,0.4523517708899695,0.4169489616279958,0.4588732537680524,0.3544304092945183,0.41843989040767715,0.03731632387864419,31,1.0,1.0,1.0,1.0,1.0,1.0,0.0
59,0.07610611915588379,0.020793888109716118,0.012290859222412109,0.0016463442554518288,1.0,1,sigmoid,"{'C': 1, 'gamma': 1, 'kernel': 'sigmoid'}",0.03227538599155429,0.09545037367403025,-0.03218341825070051,0.0646939889849893,0.2190548790612196,0.0758582418922186,0.08316998824352335,81,-0.003905745445114783,0.08046875,0.010157583022252857,0.00468689453413774,0.0890625,0.036093996422255165,0.04008457075951739
60,0.6088352680206299,0.11519052852501271,0.005875396728515625,0.0005771951681016704,10.0,scale,linear,"{'C': 10, 'gamma': 'scale', 'kernel': 'linear'}",0.5526953793438837,0.49173722834813943,0.4887196529962819,0.5115473225629872,0.5259289944370271,0.514125715537664,0.023580911100824543,11,0.566106569052709,0.5653458607473871,0.5966973634830016,0.5850936990683419,0.5632487570932873,0.5752984498889454,0.013286084523969588
61,0.0735586166381836,0.01131342333161809,0.016246509552001954,0.0023400619567475398,10.0,scale,rbf,"{'C': 10, 'gamma': 'scale', 'kernel': 'rbf'}",0.5458855056986571,0.5477225575051661,0.6240944094871153,0.517284576740244,0.5282260466882535,0.5526426192238871,0.037474215415381776,3,0.9283854166666666,0.9298871848111291,0.8971679942863319,0.9213419182303876,0.9369994165081607,0.9227563861005352,0.013727087859781916
62,0.06565003395080567,0.006253670441381509,0.008413076400756836,0.0012916558657040224,10.0,scale,poly,"{'C': 10, 'gamma': 'scale', 'kernel': 'poly'}",0.3901764008270826,0.4270833333333333,0.4299086281658331,0.3915437586192095,0.40481320078364325,0.4087050643458204,0.016972449897796994,40,0.8811947229665958,0.8982732437945102,0.8681747634335595,0.872510336526848,0.9083492308595408,0.885700459516211,0.015313215060082012
63,0.04572439193725586,0.01351413173150353,0.01029829978942871,0.0043713962239126285,10.0,scale,sigmoid,"{'C': 10, 'gamma': 'scale', 'kernel': 'sigmoid'}",0.34319972772410434,0.36751387292735416,0.20777922124059384,0.3175121312459921,0.2278026559405295,0.2927615218157148,0.06353922402103374,66,0.28595164307686977,0.28294956956408335,0.30524839236103457,0.29226481008123895,0.29854732042187715,0.29299234710102073,0.008148945673376365
64,0.6320745944976807,0.122482781464052,0.0070651531219482425,0.0015708306004231405,10.0,auto,linear,"{'C': 10, 'gamma': 'auto', 'kernel': 'linear'}",0.5526953793438837,0.49173722834813943,0.4887196529962819,0.5115473225629872,0.5259289944370271,0.514125715537664,0.023580911100824543,11,0.566106569052709,0.5653458607473871,0.5966973634830016,0.5850936990683419,0.5632487570932873,0.5752984498889454,0.013286084523969588
65,0.06195249557495117,0.006571362086903839,0.0155670166015625,0.0008227851403923277,10.0,auto,rbf,"{'C': 10, 'gamma': 'auto', 'kernel': 'rbf'}",0.5343379276934932,0.5311334776230205,0.6240944094871153,0.5175491695067657,0.5335097208858346,0.5481249410392459,0.038467217646229145,4,0.9040073098929197,0.8813319977350874,0.8813319977350874,0.8955828530214611,0.8854501293537801,0.8895408575476671,0.008913907883349979
66,0.07427363395690918,0.026469399393087043,0.012630224227905273,0.004588770732051556,10.0,auto,poly,"{'C': 10, 'gamma': 'auto', 'kernel': 'poly'}",0.4251367169160709,0.359024561106316,0.42651398141820457,0.4035719090680811,0.3735384696048144,0.3975571276226974,0.02719178309151736,44,0.8280447893851615,0.8208250227621757,0.8322867911255064,0.823766891608476,0.829498244589399,0.8268843478941438,0.004093883926141201
67,0.05106897354125976,0.016615571186089594,0.011750555038452149,0.002963753688926459,10.0,auto,sigmoid,"{'C': 10, 'gamma': 'auto', 'kernel': 'sigmoid'}",0.3954500362299267,0.37893379553244144,0.23542340521311833,0.3175121312459921,0.2788944416709933,0.3212427619784944,0.06001205668613904,58,0.29244791666666664,0.32395833333333335,0.3293436077371006,0.3155441213692389,0.31993006296879367,0.31624480841502667,0.012739239621662377
68,0.6126824378967285,0.15454525387133763,0.0063704967498779295,0.0007911740756208481,10.0,0.01,linear,"{'C': 10, 'gamma': 0.01, 'kernel': 'linear'}",0.5526953793438837,0.49173722834813943,0.4887196529962819,0.5115473225629872,0.5259289944370271,0.514125715537664,0.023580911100824543,11,0.566106569052709,0.5653458607473871,0.5966973634830016,0.5850936990683419,0.5632487570932873,0.5752984498889454,0.013286084523969588
69,0.05115804672241211,0.004163689498333631,0.015356731414794923,0.000928424226094835,10.0,0.01,rbf,"{'C': 10, 'gamma': 0.01, 'kernel': 'rbf'}",0.5750546327852951,0.5405396161322801,0.6309654938830218,0.5416666666666666,0.5853035173520137,0.5747059853638554,0.033276114269924655,1,0.7869035694063281,0.7692705668884844,0.7717436331412898,0.7987286812200157,0.7824178249242919,0.781812855116082,0.010687607387942905
70,0.04958720207214355,0.005364282774597641,0.011067676544189452,0.0012574000876039266,10.0,0.01,poly,"{'C': 10, 'gamma': 0.01, 'kernel': 'poly'}",0.31622776601683794,0.33941492632445913,0.3045547950507524,0.2777552847393363,0.3458560258028368,0.3167617595868445,0.02461886472702066,60,0.5252176513354185,0.5354479857600974,0.513069074676508,0.5320678889161903,0.5416025603090641,0.5294810321994557,0.009764799765552537
71,0.04070625305175781,0.006843738748445643,0.009076547622680665,0.001308315616192603,10.0,0.01,sigmoid,"{'C': 10, 'gamma': 0.01, 'kernel': 'sigmoid'}",0.48304589153964794,0.38730463189865144,0.32799430311269206,0.4246134859527906,0.3866660711090643,0.4019248767225692,0.0510053025782651,41,0.4017842644621761,0.42271172423375347,0.3266489053849141,0.41577884639164564,0.40616061405185966,0.39461687090486974,0.03476039085869222
72,0.6231047630310058,0.12523792413230228,0.006245756149291992,0.0007213347644925944,10.0,0.1,linear,"{'C': 10, 'gamma': 0.1, 'kernel': 'linear'}",0.5526953793438837,0.49173722834813943,0.4887196529962819,0.5115473225629872,0.5259289944370271,0.514125715537664,0.023580911100824543,11,0.566106569052709,0.5653458607473871,0.5966973634830016,0.5850936990683419,0.5632487570932873,0.5752984498889454,0.013286084523969588
73,0.08280768394470214,0.01312812333942462,0.027858495712280273,0.006346587116271731,10.0,0.1,rbf,"{'C': 10, 'gamma': 0.1, 'kernel': 'rbf'}",0.41805978475571814,0.38335826944652757,0.3947163449977847,0.3948184329744674,0.3226320571022286,0.3827169778553453,0.03209408974945219,52,1.0,1.0,1.0,1.0,1.0,1.0,0.0
74,0.16553616523742676,0.05729186151136503,0.01029963493347168,0.004211933962250685,10.0,0.1,poly,"{'C': 10, 'gamma': 0.1, 'kernel': 'poly'}",0.40959505645784977,0.4523517708899695,0.4169489616279958,0.4588732537680524,0.3544304092945183,0.41843989040767715,0.03731632387864419,31,1.0,1.0,1.0,1.0,1.0,1.0,0.0
75,0.06691460609436035,0.004940885421483522,0.014935016632080078,0.002090946146345348,10.0,0.1,sigmoid,"{'C': 10, 'gamma': 0.1, 'kernel': 'sigmoid'}",0.14418480581622548,0.1526487157980132,-0.005224087167254547,0.15388639980285132,-0.059275689669088936,0.07724402891614932,0.09108195338683829,80,0.0546875,0.05337852108323537,0.09037644381337798,0.052069987024626875,0.08751148449940922,0.06760478728412989,0.017466527502677624
76,0.6278013706207275,0.09131816010219015,0.006443500518798828,0.0007115087751763033,10.0,1,linear,"{'C': 10, 'gamma': 1, 'kernel': 'linear'}",0.5526953793438837,0.49173722834813943,0.4887196529962819,0.5115473225629872,0.5259289944370271,0.514125715537664,0.023580911100824543,11,0.566106569052709,0.5653458607473871,0.5966973634830016,0.5850936990683419,0.5632487570932873,0.5752984498889454,0.013286084523969588
77,0.08836178779602051,0.0117791906731279,0.02577633857727051,0.0014169541658016203,10.0,1,rbf,"{'C': 10, 'gamma': 1, 'kernel': 'rbf'}",0.0,0.0,0.0,0.0,0.0,0.0,0.0,85,1.0,1.0,1.0,1.0,1.0,1.0,0.0
78,0.12494015693664551,0.005102285125065474,0.007484817504882812,0.0008228895263701522,10.0,1,poly,"{'C': 10, 'gamma': 1, 'kernel': 'poly'}",0.40959505645784977,0.4523517708899695,0.4169489616279958,0.4588732537680524,0.3544304092945183,0.41843989040767715,0.03731632387864419,31,1.0,1.0,1.0,1.0,1.0,1.0,0.0
79,0.09529328346252441,0.029151849447823796,0.017638540267944335,0.005021428911784222,10.0,1,sigmoid,"{'C': 10, 'gamma': 1, 'kernel': 'sigmoid'}",0.04472837536731858,0.14531393175878762,-0.029113643205944843,0.13291860967446048,0.21578342509791773,0.1019261397385079,0.08514637289013718,75,-0.0096341720979498,0.09061329432666297,0.03021229822003414,0.04584546040490022,0.09610636244131548,0.0506286486589926,0.03934033085966575
80,3.8065256595611574,0.969245180856159,0.00361485481262207,0.0015211731754307956,100.0,scale,linear,"{'C': 100, 'gamma': 'scale', 'kernel': 'linear'}",0.5590929766924082,0.4992571512569775,0.48966238772219794,0.5249007842757841,0.5596247894794742,0.5265076178853684,0.02919347014134469,5,0.570642613468183,0.5942302532927671,0.5866127693699605,0.5885907073506177,0.5788866423961202,0.5837925971755297,0.008208658373709092
81,0.10525212287902833,0.02637088361522661,0.014400625228881836,0.0031411075481868815,100.0,scale,rbf,"{'C': 100, 'gamma': 'scale', 'kernel': 'rbf'}",0.5057660942622223,0.476337436993926,0.5388127120036633,0.5343379276934932,0.49173722834813943,0.5093982798602888,0.02410526787293337,16,1.0,0.9985689188010128,1.0,1.0,1.0,0.9997137837602026,0.0005724324795948644
82,0.12328743934631348,0.006352995288275936,0.007199335098266602,0.0011917961838536868,100.0,scale,poly,"{'C': 100, 'gamma': 'scale', 'kernel': 'poly'}",0.3691588005428959,0.4483175877589892,0.44945605376832803,0.4658919834295766,0.36137247005243944,0.4188393791104459,0.04425132461053347,30,0.9985685463414732,0.9957047054745953,0.9928404921481778,0.9942708333333333,0.9971354166666667,0.9957039987928493,0.0020252517782062313
83,0.03814101219177246,0.0052062961736912125,0.009263563156127929,0.001983208490751567,100.0,scale,sigmoid,"{'C': 100, 'gamma': 'scale', 'kernel': 'sigmoid'}",0.3488174417093046,0.3641345298527362,0.21390754422456143,0.3175121312459921,0.22083333333333333,0.2930409960731855,0.06362419138902997,65,0.2811779299329851,0.2840417792193396,0.3084760981432225,0.2981770833333333,0.30542929380797607,0.29546043688737134,0.011050262096300728
84,3.85512957572937,1.091533452354818,0.0035688400268554686,0.001384726728264229,100.0,auto,linear,"{'C': 100, 'gamma': 'auto', 'kernel': 'linear'}",0.5590929766924082,0.4992571512569775,0.48966238772219794,0.5249007842757841,0.5596247894794742,0.5265076178853684,0.02919347014134469,5,0.570642613468183,0.5942302532927671,0.5866127693699605,0.5885907073506177,0.5788866423961202,0.5837925971755297,0.008208658373709092
85,0.11807360649108886,0.028713796666903685,0.014379358291625977,0.003059790446754838,100.0,auto,rbf,"{'C': 100, 'gamma': 'auto', 'kernel': 'rbf'}",0.5178818780670077,0.4928701383720465,0.5662723531498558,0.49491131089468077,0.5031488517908178,0.5150169064548817,0.027095733646070874,10,0.9971354166666667,0.9971402515216047,0.9985689188010128,0.9971402515216047,0.9957139876774905,0.9971397652376759,0.000902811269506618
86,0.12421765327453613,0.011911537851179323,0.008266925811767578,0.000902194540605528,100.0,auto,poly,"{'C': 100, 'gamma': 'auto', 'kernel': 'poly'}",0.38005847503304596,0.44306431386287126,0.4519788506792427,0.458072122695268,0.3465263565991968,0.4159400237739249,0.044531742943088606,39,0.9928386277135356,0.9899762788217603,0.9813836388425078,0.982837560517008,0.9857023407293819,0.9865476893248388,0.004300656209263411
87,0.03704395294189453,0.005146101146639644,0.008389711380004883,0.001071273984398565,100.0,auto,sigmoid,"{'C': 100, 'gamma': 'auto', 'kernel': 'sigmoid'}",0.3954500362299267,0.37809127587545927,0.24084099726772493,0.30953626431562326,0.26910924672626174,0.31860556408299917,0.060038468150198816,59,0.30695257351017546,0.3337271942284813,0.33507585407429696,0.3155441213692389,0.3312072137457336,0.32450139138558526,0.011225831352259396
88,3.7223916053771973,0.9561880914072987,0.0035430908203125,0.0012532029898835997,100.0,0.01,linear,"{'C': 100, 'gamma': 0.01, 'kernel': 'linear'}",0.5590929766924082,0.4992571512569775,0.48966238772219794,0.5249007842757841,0.5596247894794742,0.5265076178853684,0.02919347014134469,5,0.570642613468183,0.5942302532927671,0.5866127693699605,0.5885907073506177,0.5788866423961202,0.5837925971755297,0.008208658373709092
89,0.11290254592895507,0.008783544868602639,0.013592052459716796,0.0011201314829326064,100.0,0.01,rbf,"{'C': 100, 'gamma': 0.01, 'kernel': 'rbf'}",0.6039044765346255,0.5396415408210056,0.6355171025060141,0.5057660942622223,0.5529182491661522,0.567549492658004,0.04637110354586506,2,0.9455729166666667,0.9399253647910493,0.9300331927332914,0.9413383564124976,0.9398632657945152,0.9393466192796041,0.005100501543586435
90,0.05667657852172851,0.00572561192933531,0.008276414871215821,0.0009318342229353977,100.0,0.01,poly,"{'C': 100, 'gamma': 0.01, 'kernel': 'poly'}",0.41957682440204647,0.38062983671795764,0.4319888941900899,0.39210087289301937,0.37906278700398444,0.4006718430414195,0.02135533124293581,42,0.8423840557197956,0.8394698184795851,0.8423291333566721,0.8366220290167413,0.8438720326966508,0.8409354138538889,0.0025852661793430627
91,0.037028026580810544,0.017472580671165288,0.0071928977966308595,0.0010590251139384647,100.0,0.01,sigmoid,"{'C': 100, 'gamma': 0.01, 'kernel': 'sigmoid'}",0.46530298690786737,0.38730463189865144,0.3209515555190518,0.4131935633477033,0.3736643959511682,0.39208342672488844,0.047388991416785896,51,0.3942199069269188,0.41125188697787846,0.41426940021184133,0.40869829036697,0.41125188697787846,0.40793827429229745,0.0070825763825666495
92,4.114688777923584,0.7580713992406738,0.003610992431640625,0.001393840800788406,100.0,0.1,linear,"{'C': 100, 'gamma': 0.1, 'kernel': 'linear'}",0.5590929766924082,0.4992571512569775,0.48966238772219794,0.5249007842757841,0.5596247894794742,0.5265076178853684,0.02919347014134469,5,0.570642613468183,0.5942302532927671,0.5866127693699605,0.5885907073506177,0.5788866423961202,0.5837925971755297,0.008208658373709092
93,0.08369646072387696,0.009395922362891083,0.024397611618041992,0.0018479821143988608,100.0,0.1,rbf,"{'C': 100, 'gamma': 0.1, 'kernel': 'rbf'}",0.41805978475571814,0.38335826944652757,0.3947163449977847,0.3948184329744674,0.3226320571022286,0.3827169778553453,0.03209408974945219,52,1.0,1.0,1.0,1.0,1.0,1.0,0.0
94,0.1300192356109619,0.0065828006368954875,0.009730958938598632,0.002558547831403799,100.0,0.1,poly,"{'C': 100, 'gamma': 0.1, 'kernel': 'poly'}",0.40959505645784977,0.4523517708899695,0.4169489616279958,0.4588732537680524,0.3544304092945183,0.41843989040767715,0.03731632387864419,31,1.0,1.0,1.0,1.0,1.0,1.0,0.0
95,0.05709419250488281,0.006181536591758937,0.011741304397583007,0.0012168082820724457,100.0,0.1,sigmoid,"{'C': 100, 'gamma': 0.1, 'kernel': 'sigmoid'}",0.15405301593571286,0.1423473621679454,0.050948875610403475,0.15208333333333332,-0.059275689669088936,0.08803137947566123,0.08304964775676073,78,0.0703217286155967,0.040364583333333336,0.08619791666666667,0.05886189135972168,0.0890625,0.06896172399506367,0.018015439043608267
96,3.8327097415924074,0.5685300891060244,0.004319477081298828,0.0016704498278599302,100.0,1,linear,"{'C': 100, 'gamma': 1, 'kernel': 'linear'}",0.5590929766924082,0.4992571512569775,0.48966238772219794,0.5249007842757841,0.5596247894794742,0.5265076178853684,0.02919347014134469,5,0.570642613468183,0.5942302532927671,0.5866127693699605,0.5885907073506177,0.5788866423961202,0.5837925971755297,0.008208658373709092
97,0.09921026229858398,0.04289096310649196,0.02501521110534668,0.0012509450248969697,100.0,1,rbf,"{'C': 100, 'gamma': 1, 'kernel': 'rbf'}",0.0,0.0,0.0,0.0,0.0,0.0,0.0,85,1.0,1.0,1.0,1.0,1.0,1.0,0.0
98,0.13136072158813478,0.007081303860032914,0.008133459091186523,0.0007059214984476459,100.0,1,poly,"{'C': 100, 'gamma': 1, 'kernel': 'poly'}",0.40959505645784977,0.4523517708899695,0.4169489616279958,0.4588732537680524,0.3544304092945183,0.41843989040767715,0.03731632387864419,31,1.0,1.0,1.0,1.0,1.0,1.0,0.0
99,0.05592041015625,0.009737403762615044,0.011316251754760743,0.0024542603159286628,100.0,1,sigmoid,"{'C': 100, 'gamma': 1, 'kernel': 'sigmoid'}",0.033286232831492894,0.12868375204193208,-0.029113643205944843,0.15353077087540437,0.2200077051039484,0.10127896352936658,0.08854719780909262,76,-0.00546875,0.08751148449940922,0.021617420278127873,0.040364583333333336,0.09479166666666666,0.04776328095550742,0.03837599412205089
