,mean_fit_time,std_fit_time,mean_score_time,std_score_time,param_learning_rate,param_max_depth,param_n_estimators,param_subsample,params,split0_test_score,split1_test_score,split2_test_score,split3_test_score,split4_test_score,mean_test_score,std_test_score,rank_test_score,split0_train_score,split1_train_score,split2_train_score,split3_train_score,split4_train_score,mean_train_score,std_train_score
0,0.05979585647583008,0.0008664696422522729,0.001289224624633789,1.3628369694228232e-05,0.01,3,10,0.5,"{'learning_rate': 0.01, 'max_depth': 3, 'n_estimators': 10, 'subsample': 0.5}",0.0,0.0,0.0,0.0,0.0,0.0,0.0,190,0.0,0.0,0.0,0.0,0.0,0.0,0.0
1,0.1077641487121582,0.009142226350755199,0.0016887664794921875,0.000184384821310807,0.01,3,10,0.75,"{'learning_rate': 0.01, 'max_depth': 3, 'n_estimators': 10, 'subsample': 0.75}",0.0,0.0,0.0,0.0,0.0,0.0,0.0,190,0.0,0.0,0.0,0.0,0.0,0.0,0.0
2,0.14640045166015625,0.0014867414102276066,0.0017961025238037109,1.3107905690286025e-05,0.01,3,10,1.0,"{'learning_rate': 0.01, 'max_depth': 3, 'n_estimators': 10, 'subsample': 1.0}",0.0,0.0,0.0,0.0,0.0,0.0,0.0,190,0.0,0.0,0.0,0.0,0.0,0.0,0.0
3,0.37819652557373046,0.010122491521546427,0.002074432373046875,2.6849531335570553e-05,0.01,3,50,0.5,"{'learning_rate': 0.01, 'max_depth': 3, 'n_estimators': 50, 'subsample': 0.5}",0.4513090927022329,0.4300486095445753,0.42059279271625616,0.4182811102784302,0.44181610881072036,0.43240954281044297,0.012573771626014316,174,0.5076509783053738,0.5085411574397637,0.5308533720061783,0.5478630646636714,0.5197056243797106,0.5229228393589396,0.015068650725304188
4,0.5384493827819824,0.04229037491583586,0.002074432373046875,0.0003465310960633266,0.01,3,50,0.75,"{'learning_rate': 0.01, 'max_depth': 3, 'n_estimators': 50, 'subsample': 0.75}",0.4868696652627335,0.4424191406413606,0.3349939029783673,0.41268856334026305,0.4472754265967973,0.4248493397639043,0.05075437331232861,175,0.5124417300183945,0.5059924592267421,0.500576541881165,0.5221901974812662,0.5099524862487331,0.5102306829712602,0.007199459569608985
5,0.6960764408111573,0.09060457966459286,0.0020142078399658205,0.0002236721787326919,0.01,3,50,1.0,"{'learning_rate': 0.01, 'max_depth': 3, 'n_estimators': 50, 'subsample': 1.0}",0.40490478118727696,0.42396120216840755,0.32595092167293993,0.39467929660624035,0.45305977298225986,0.40051119492342496,0.042246431520832815,179,0.5213767172404665,0.5061495303774622,0.4683049130656923,0.5009812930841618,0.48719858814091743,0.49680220838174005,0.017961453310627904
6,0.681451416015625,0.06332816588052892,0.002271699905395508,8.120347803126143e-05,0.01,3,100,0.5,"{'learning_rate': 0.01, 'max_depth': 3, 'n_estimators': 100, 'subsample': 0.5}",0.5830261000044615,0.4604554601361903,0.46486413833411594,0.48216403465533675,0.5060480768510598,0.49931156199623283,0.04481955789372006,161,0.6108617499717646,0.5915461337523237,0.5776418753248208,0.6036992050567245,0.6054892930107165,0.59784765142327,0.011916246387214594
7,1.2426538944244385,0.11638768540559258,0.0030276298522949217,0.0007133531602149129,0.01,3,100,0.75,"{'learning_rate': 0.01, 'max_depth': 3, 'n_estimators': 100, 'subsample': 0.75}",0.5581204233033191,0.47349616029963415,0.4472248431853636,0.42554042826111843,0.46204900038030233,0.4732861710859475,0.04534758476491282,168,0.6082410047766806,0.5893361888708918,0.5935587505399533,0.6203001166729227,0.5763938768029275,0.5975659875326752,0.015250196247965418
8,1.843646478652954,0.1079036569341453,0.0024501323699951173,0.00027011592277956893,0.01,3,100,1.0,"{'learning_rate': 0.01, 'max_depth': 3, 'n_estimators': 100, 'subsample': 1.0}",0.5365097172527439,0.452754014203631,0.4181053110587523,0.44456741349657036,0.4270833333333333,0.4558039578690062,0.04217829756769423,172,0.5823252408812755,0.5977030663292744,0.544418060056521,0.6043098548117594,0.5624223191053879,0.5782357082368437,0.022222781249114216
9,1.8933798789978027,0.09865089548466287,0.003420305252075195,0.00023981275150470466,0.01,3,200,0.5,"{'learning_rate': 0.01, 'max_depth': 3, 'n_estimators': 200, 'subsample': 0.5}",0.644219997514806,0.542179119815625,0.5464395176948256,0.5523377288254981,0.5616525572138379,0.5693657842129185,0.03799297358083613,131,0.6973551559675133,0.6861233069673168,0.6919433472840331,0.7147127909426353,0.6892888033069574,0.6958846808936912,0.0101092448545891
10,2.596828985214233,0.1584650787641868,0.0032899856567382814,0.0003258714837765125,0.01,3,200,0.75,"{'learning_rate': 0.01, 'max_depth': 3, 'n_estimators': 200, 'subsample': 0.75}",0.6037302435909746,0.5152012989951313,0.5416666666666666,0.536740504407823,0.5563447673050727,0.5507366961931337,0.029599627705516003,149,0.7167861430311747,0.6941686790966297,0.6951582043397009,0.7038697973780019,0.6819375226108819,0.6983840692912778,0.01155330383448359
11,3.537056398391724,0.2254036919100036,0.0029735565185546875,0.00023291442784579883,0.01,3,200,1.0,"{'learning_rate': 0.01, 'max_depth': 3, 'n_estimators': 200, 'subsample': 1.0}",0.5978685348973589,0.5115473225629872,0.5072916666666667,0.5396415408210056,0.5633647054891133,0.5439427540874263,0.03375342548705956,153,0.6860495607820924,0.6737942957191,0.676060611990442,0.6885495236532754,0.6823528837709593,0.6813613751831739,0.005656685141649871
12,0.13831162452697754,0.003853326636863748,0.0017848968505859374,0.00021312911969994985,0.01,5,10,0.5,"{'learning_rate': 0.01, 'max_depth': 5, 'n_estimators': 10, 'subsample': 0.5}",0.10156370535982988,0.0,0.0828078671210825,0.0828078671210825,0.0,0.053435887920398974,0.04416446845937771,189,0.14116585222331576,0.0,0.05847053462046861,0.10574873852167095,0.05061894487315173,0.07120081404772141,0.04846420313271092
13,0.20028014183044435,0.012928607378935858,0.001703500747680664,0.000171358118806573,0.01,5,10,0.75,"{'learning_rate': 0.01, 'max_depth': 5, 'n_estimators': 10, 'subsample': 0.75}",0.0,0.0,0.13149549909567532,0.11517083059890625,0.05847053462046861,0.061027372863010035,0.055412072203197486,188,0.0,0.0,0.1944278730074415,0.2035684591497838,0.029204083016228455,0.08544008303469075,0.09337575154477687
14,0.29183259010314944,0.06398533029724544,0.0016558647155761718,4.3513683363201836e-05,0.01,5,10,1.0,"{'learning_rate': 0.01, 'max_depth': 5, 'n_estimators': 10, 'subsample': 1.0}",0.18426441060571902,0.2284124692252176,0.23219925523973034,0.16395645894598826,0.0,0.16176651880333104,0.08494917380255641,186,0.1774454295451768,0.2923400170178081,0.33800808290954215,0.23708264052574937,0.06539533813251087,0.2220543016261575,0.09501915013654152
15,0.7605286121368409,0.09233336497468159,0.002213001251220703,0.00023567133252293138,0.01,5,50,0.5,"{'learning_rate': 0.01, 'max_depth': 5, 'n_estimators': 50, 'subsample': 0.5}",0.5562682397483084,0.5574756092574688,0.5421151989096864,0.5124211044075909,0.5342782404383052,0.5405116785522719,0.01653209938108454,155,0.8006239047060778,0.7985366006999597,0.7915548208826542,0.7785136926256049,0.7811251383869157,0.7900708314602424,0.008931200490003491
16,1.0601102352142333,0.09133393167710786,0.0029564857482910155,0.0016509692803040044,0.01,5,50,0.75,"{'learning_rate': 0.01, 'max_depth': 5, 'n_estimators': 50, 'subsample': 0.75}",0.5645874766225503,0.5539003119294622,0.529418888134921,0.5237500936044973,0.5747523525287439,0.5492818245640348,0.01975219853413387,151,0.7905574818287863,0.7734476621553386,0.7896202252730463,0.8122248424853681,0.7979023614048923,0.7927505146294863,0.01259364275016831
17,1.339359951019287,0.08717902664074856,0.002426004409790039,0.0002751828272820482,0.01,5,50,1.0,"{'learning_rate': 0.01, 'max_depth': 5, 'n_estimators': 50, 'subsample': 1.0}",0.5706849288765907,0.5472175112405441,0.5116876505089397,0.5116876505089397,0.5936002265779383,0.5469755935425905,0.03233117801418893,152,0.7837890456427609,0.742415360395912,0.7388389441903055,0.7534974044746772,0.7450143042253752,0.7527110117858061,0.016273515945008907
18,1.5810771942138673,0.09249894796223226,0.004033660888671875,0.0014292865642823907,0.01,5,100,0.5,"{'learning_rate': 0.01, 'max_depth': 5, 'n_estimators': 100, 'subsample': 0.5}",0.6276872138173168,0.6516946235415336,0.5805807539345913,0.5921085306372637,0.6248499065627868,0.6153842056986984,0.025738870409551806,117,0.8453125,0.8594727037113731,0.8424103349400416,0.86046120087314,0.841519015362186,0.8498351509773482,0.008373001083357048
19,2.05750994682312,0.1601534904637038,0.0028620243072509767,0.00023743370724463585,0.01,5,100,0.75,"{'learning_rate': 0.01, 'max_depth': 5, 'n_estimators': 100, 'subsample': 0.75}",0.6273135318215906,0.5697244836420027,0.6152398322902826,0.5633585066523304,0.6134323833531677,0.5978137475518748,0.02605385905391923,125,0.8684893767010987,0.8585705449461071,0.8642338645002035,0.8558817124724678,0.8542075018799592,0.8602766000999672,0.005332340118258301
20,2.8950644969940185,0.07205252068106466,0.0030488014221191407,0.00028725248244858054,0.01,5,100,1.0,"{'learning_rate': 0.01, 'max_depth': 5, 'n_estimators': 100, 'subsample': 1.0}",0.6325600960638247,0.5921233255251296,0.5632385140971595,0.557433083703821,0.65625,0.6003210038779869,0.03859818220530806,123,0.8515740637738867,0.8203348989316673,0.8395449936647353,0.8407037891125174,0.8407037891125174,0.8385723069190648,0.010116138429241769
21,3.109315824508667,0.08713636469591204,0.004495382308959961,5.52911139192989e-05,0.01,5,200,0.5,"{'learning_rate': 0.01, 'max_depth': 5, 'n_estimators': 200, 'subsample': 0.5}",0.7081731747089206,0.6523113221148034,0.7024393586862704,0.6329926325693158,0.6546650629164467,0.6701163101991514,0.02975577417529108,88,0.9005808478763991,0.9201941174380127,0.9229818875811554,0.9152356150412431,0.9110196339868322,0.9140024203847286,0.007867964614613226
22,4.15210542678833,0.2568755578299429,0.0038995265960693358,0.00030611361257609873,0.01,5,200,0.75,"{'learning_rate': 0.01, 'max_depth': 5, 'n_estimators': 200, 'subsample': 0.75}",0.6965810542895782,0.6537964821485259,0.6854883573735568,0.6159559245969192,0.693355045820501,0.6690353728458163,0.03056325694607235,90,0.9308790461647348,0.9308790461647348,0.9403839085314235,0.9304416872989242,0.9242350999253589,0.9313637576170353,0.005167223375449516
23,5.878967809677124,0.24649406828932885,0.004195976257324219,0.0003354067418731993,0.01,5,200,1.0,"{'learning_rate': 0.01, 'max_depth': 5, 'n_estimators': 200, 'subsample': 1.0}",0.713289885794748,0.6223092392509477,0.6500702441556184,0.638592278367959,0.6740462148377311,0.6596615724814008,0.03166707898055814,99,0.9178397252776139,0.908776029122369,0.9265313683541475,0.9158297644982835,0.9178733633280098,0.9173700501160846,0.005668039298215035
24,0.2836638927459717,0.02126956795696149,0.0018326282501220704,1.887492296951123e-05,0.01,10,10,0.5,"{'learning_rate': 0.01, 'max_depth': 10, 'n_estimators': 10, 'subsample': 0.5}",0.23904572186687875,0.2284029037672761,0.25104793914843737,0.23641644367535702,0.2665515587872573,0.24429291344904133,0.013290160779872131,183,0.3768520587523197,0.39636906253508203,0.42206669335289493,0.4004828004171361,0.39774282760746704,0.39870268853297997,0.01437263152419203
25,0.44727411270141604,0.06566839384112298,0.002000713348388672,0.00020581799762122902,0.01,10,10,0.75,"{'learning_rate': 0.01, 'max_depth': 10, 'n_estimators': 10, 'subsample': 0.75}",0.36269576462643294,0.36974161350799245,0.33208274546551175,0.3562776455010343,0.3443102650370746,0.3530216068276092,0.013402038138164613,181,0.6204761229386354,0.6048920123602545,0.6012925080373208,0.6060915267313265,0.5952896985560826,0.605608373724724,0.008329445731712258
26,0.491195011138916,0.0484598496750449,0.002149057388305664,0.00023589252292730034,0.01,10,10,1.0,"{'learning_rate': 0.01, 'max_depth': 10, 'n_estimators': 10, 'subsample': 1.0}",0.4825488054831372,0.5175233269719919,0.4413921891430373,0.42059279271625616,0.6097534939316243,0.4943621216492094,0.06669166710915121,162,0.9101270969117518,0.9101001931404552,0.9646118527975651,0.8636938245716773,0.9786494343875468,0.9254364803617993,0.04158861082796807
27,1.777185583114624,0.15670980429641074,0.003233480453491211,0.00038270614046491646,0.01,10,50,0.5,"{'learning_rate': 0.01, 'max_depth': 10, 'n_estimators': 50, 'subsample': 0.5}",0.6606874726434099,0.7200555662447298,0.6481812160876685,0.671203542227157,0.6003369054274919,0.6600929405260914,0.03855382816653552,98,0.995710645075141,0.9942708333333333,0.9928449158506965,0.9957035870275044,0.9942734225312736,0.9945606807635897,0.001071357149330899
28,2.283935785293579,0.17719829530686204,0.0031682968139648436,0.00033745949291760926,0.01,10,50,0.75,"{'learning_rate': 0.01, 'max_depth': 10, 'n_estimators': 50, 'subsample': 0.75}",0.7565396612457539,0.7029189752769063,0.5997240121125966,0.7019099626222833,0.7490051569056284,0.7020195536326337,0.05593797964430754,70,0.9985689188010128,1.0,1.0,1.0,0.9985689188010128,0.9994275675204051,0.0007010837436017805
29,2.3925241470336913,0.2976989957044693,0.0033985137939453124,0.0017408486902229798,0.01,10,50,1.0,"{'learning_rate': 0.01, 'max_depth': 10, 'n_estimators': 50, 'subsample': 1.0}",0.5830951894845301,0.656170714922959,0.4909719342645202,0.5818984299966528,0.6850710962078297,0.5994414729752984,0.06766275110567359,124,0.9885487036625412,0.9971387638065798,0.9985685463414732,0.9957035870275044,0.9957047054745953,0.9951328612625387,0.003459232342039682
30,3.346335697174072,0.5239428863209792,0.004699516296386719,0.00045627721206351204,0.01,10,100,0.5,"{'learning_rate': 0.01, 'max_depth': 10, 'n_estimators': 100, 'subsample': 0.5}",0.7313574155476055,0.7360699299651778,0.621357799179458,0.6889335933997673,0.695982107306256,0.6947401690796531,0.04115629433659795,80,1.0,1.0,1.0,1.0,0.9971402515216047,0.9994280503043209,0.0011438993913581274
31,5.284103345870972,0.24157542501537044,0.004969453811645508,0.0006334318629361463,0.01,10,100,0.75,"{'learning_rate': 0.01, 'max_depth': 10, 'n_estimators': 100, 'subsample': 0.75}",0.7078134956987784,0.742520546750873,0.6846754616640486,0.6953216681667717,0.7590721152765896,0.7178806575114122,0.028343257092396486,65,1.0,1.0,1.0,1.0,1.0,1.0,0.0
32,5.470434761047363,0.313035174236038,0.00435795783996582,0.0003063842420250453,0.01,10,100,1.0,"{'learning_rate': 0.01, 'max_depth': 10, 'n_estimators': 100, 'subsample': 1.0}",0.6126717164682163,0.7075515977709518,0.4963904801382978,0.6287056163217949,0.6558694183193773,0.6202377658037277,0.069800314720544,115,0.9942901168365917,1.0,1.0,1.0,0.9985689188010128,0.998571807127521,0.0022114287116191352
33,7.191545629501343,0.8092383843647105,0.007567644119262695,0.0008028180984685259,0.01,10,200,0.5,"{'learning_rate': 0.01, 'max_depth': 10, 'n_estimators': 200, 'subsample': 0.5}",0.7434827043811444,0.753529836689632,0.7076718659920611,0.7365656291090484,0.7198147849810338,0.732212964230584,0.016470228519953813,58,1.0,1.0,1.0,1.0,1.0,1.0,0.0
34,9.634905433654785,0.8248076527252687,0.007277727127075195,0.0006277129882501312,0.01,10,200,0.75,"{'learning_rate': 0.01, 'max_depth': 10, 'n_estimators': 200, 'subsample': 0.75}",0.7648063612860656,0.7706911912567197,0.7303357192833627,0.7360035904643477,0.7655833551243366,0.7534840434829665,0.01680526886499142,42,1.0,1.0,1.0,1.0,1.0,1.0,0.0
35,10.260231590270996,0.8627147975530137,0.007020711898803711,0.002553757517877139,0.01,10,200,1.0,"{'learning_rate': 0.01, 'max_depth': 10, 'n_estimators': 200, 'subsample': 1.0}",0.6348484546322237,0.6958585209613152,0.4963904801382978,0.6498137077451323,0.6274204172713119,0.6208663161496563,0.06662502900784482,112,1.0,1.0,1.0,1.0,1.0,1.0,0.0
36,0.4212666034698486,0.056694275994958215,0.002117824554443359,0.0002827542385173525,0.01,15,10,0.5,"{'learning_rate': 0.01, 'max_depth': 15, 'n_estimators': 10, 'subsample': 0.5}",0.20286442015312095,0.287549025988646,0.21116808561294026,0.20286442015312095,0.24422033964678036,0.22973325831092167,0.032683552692455056,185,0.4018490702513639,0.43002096784562177,0.40864445580741204,0.39774282760746704,0.42206669335289493,0.41206480297295195,0.012195414025347363
37,0.5364354610443115,0.08344712475757336,0.0021293163299560547,0.00029940771854870395,0.01,15,10,0.75,"{'learning_rate': 0.01, 'max_depth': 15, 'n_estimators': 10, 'subsample': 0.75}",0.2543042639883074,0.32586188739403266,0.24523500674557897,0.3009452578243045,0.3504112133382431,0.2953515258580933,0.040472915335411905,182,0.626466234883873,0.6216742501016401,0.619277930043672,0.6360490582953524,0.6228723182258383,0.6252679583100751,0.005868598680651826
38,0.433612585067749,0.007687830578914068,0.0017809391021728516,7.372840042007866e-05,0.01,15,10,1.0,"{'learning_rate': 0.01, 'max_depth': 15, 'n_estimators': 10, 'subsample': 1.0}",0.5342782404383052,0.5230372908912282,0.4355948827242785,0.47280419093804754,0.5984143291794699,0.5128257868342658,0.05559896015078315,159,0.9971387638065798,0.9801090810423542,1.0,0.9900146626480157,1.0,0.99345250149939,0.007605177295627624
39,2.7367756366729736,0.3224707501286368,0.003998756408691406,0.0005209896474077353,0.01,15,50,0.5,"{'learning_rate': 0.01, 'max_depth': 15, 'n_estimators': 50, 'subsample': 0.5}",0.6951362455156455,0.7029189752769063,0.6183285978028968,0.6579003669285335,0.6565641314848955,0.6661696634017755,0.030459776321765678,91,0.9928593698662349,0.9971387638065798,0.9928593698662349,0.9985685463414732,0.9985685463414732,0.9959989192443992,0.0026160563089440603
40,3.9604299545288084,0.472622552364137,0.004266119003295899,0.0004870079059584964,0.01,15,50,0.75,"{'learning_rate': 0.01, 'max_depth': 15, 'n_estimators': 50, 'subsample': 0.75}",0.7340217855533646,0.7188918942063233,0.6465940947643803,0.6632241854577189,0.7379738547124912,0.7001411629388556,0.03784428838034913,74,1.0,1.0,1.0,1.0,1.0,1.0,0.0
41,2.4360353469848635,0.2652589454029445,0.002484846115112305,0.0002743918978908146,0.01,15,50,1.0,"{'learning_rate': 0.01, 'max_depth': 15, 'n_estimators': 50, 'subsample': 1.0}",0.5416666666666666,0.5922206548916665,0.4560199698161541,0.5415850730457978,0.6271143125802996,0.5517213354001169,0.05777003970893644,148,1.0,1.0,1.0,1.0,1.0,1.0,0.0
42,4.791817331314087,0.5760431861937527,0.00585017204284668,0.000801600246041474,0.01,15,100,0.5,"{'learning_rate': 0.01, 'max_depth': 15, 'n_estimators': 100, 'subsample': 0.5}",0.7114894346928711,0.7075515977709518,0.7188261305840546,0.6934641774161641,0.6787751731875111,0.7020213027303106,0.014256499273339112,69,1.0,1.0,1.0,1.0,1.0,1.0,0.0
43,7.00055456161499,0.7686767861068247,0.005881214141845703,0.000614049753102787,0.01,15,100,0.75,"{'learning_rate': 0.01, 'max_depth': 15, 'n_estimators': 100, 'subsample': 0.75}",0.7030839733292359,0.7490051569056284,0.6844564417606239,0.7124685919320576,0.7593755758032468,0.7216779479461585,0.02822720726014197,64,1.0,1.0,1.0,1.0,1.0,1.0,0.0
44,4.630534601211548,0.2984996880982739,0.002974271774291992,0.00017139208386944332,0.01,15,100,1.0,"{'learning_rate': 0.01, 'max_depth': 15, 'n_estimators': 100, 'subsample': 1.0}",0.5686164964797505,0.5807110661923586,0.4566455066570431,0.5637921915210654,0.6163557582903271,0.557224203828109,0.05354842771857996,141,1.0,1.0,1.0,1.0,1.0,1.0,0.0
45,10.26276741027832,1.4309401739777665,0.010570764541625977,0.0029180995042387844,0.01,15,200,0.5,"{'learning_rate': 0.01, 'max_depth': 15, 'n_estimators': 200, 'subsample': 0.5}",0.7674084823230264,0.7993932514792107,0.7143240315172895,0.7021908539631214,0.7138865186056023,0.7394406275776501,0.03754442576225849,51,1.0,1.0,1.0,1.0,1.0,1.0,0.0
46,14.76906476020813,1.5311978742185262,0.011265039443969727,0.0017718047663532615,0.01,15,200,0.75,"{'learning_rate': 0.01, 'max_depth': 15, 'n_estimators': 200, 'subsample': 0.75}",0.7824505242392571,0.7765529578800219,0.7190991757761157,0.7232231435108945,0.7482279983635977,0.7499107599539774,0.026203271733143248,44,1.0,1.0,1.0,1.0,1.0,1.0,0.0
47,9.618186712265015,1.0513028124530905,0.003945159912109375,0.0005307329609780153,0.01,15,200,1.0,"{'learning_rate': 0.01, 'max_depth': 15, 'n_estimators': 200, 'subsample': 1.0}",0.5616525572138379,0.5865557254410011,0.4512614696921451,0.5574756092574688,0.6388849099457046,0.5591660543100315,0.061249864834543,139,1.0,1.0,1.0,1.0,1.0,1.0,0.0
48,0.08642544746398925,0.008855669053240502,0.0016194820404052735,8.704839616849118e-05,0.1,3,10,0.5,"{'learning_rate': 0.1, 'max_depth': 3, 'n_estimators': 10, 'subsample': 0.5}",0.5170046059518743,0.46598857531910554,0.4475821412350874,0.47633076632207155,0.5053950584227495,0.48246022945017764,0.02547425003207821,165,0.5523377288254981,0.5649629760799385,0.5707072062986747,0.6281338281933279,0.5596797883609769,0.5751643055516833,0.027168091811136295
49,0.16090331077575684,0.05021472475667905,0.0024768829345703123,0.001576827833130356,0.1,3,10,0.75,"{'learning_rate': 0.1, 'max_depth': 3, 'n_estimators': 10, 'subsample': 0.75}",0.574806905942825,0.4674725261357379,0.43568891521411907,0.42554042826111843,0.48984650517859896,0.47867105614647987,0.05322166365336298,166,0.5869414323234917,0.5699976253768266,0.5608051447142333,0.6133388282228974,0.6043150421316615,0.5870796145538221,0.019843222924879587
50,0.2287506103515625,0.10126993364297025,0.0022554874420166017,0.0008884205867559284,0.1,3,10,1.0,"{'learning_rate': 0.1, 'max_depth': 3, 'n_estimators': 10, 'subsample': 1.0}",0.4741162014607038,0.43165047907951865,0.4122436815054616,0.4755994002414289,0.4434668599777493,0.4474153244529725,0.02452934630200997,173,0.5575992654133196,0.5900119802724828,0.5067928255255243,0.6153499028787932,0.543078852951278,0.5625665654082795,0.0375619130986437
51,0.48927817344665525,0.07145140277250667,0.0021515369415283205,0.0001947824869583915,0.1,3,50,0.5,"{'learning_rate': 0.1, 'max_depth': 3, 'n_estimators': 50, 'subsample': 0.5}",0.6440611887195306,0.6476849529820249,0.6591024761916439,0.6037302435909746,0.645699015388991,0.640055575374633,0.01891250864410411,108,0.8140746384224047,0.8295539829948287,0.8305142879409585,0.821135864063122,0.8056700351976279,0.8201897617237883,0.00941697172815278
52,0.6746530055999755,0.026076167832750272,0.0029365062713623048,0.0018074578972077635,0.1,3,50,0.75,"{'learning_rate': 0.1, 'max_depth': 3, 'n_estimators': 50, 'subsample': 0.75}",0.6903478134446245,0.6494251159196948,0.6294596515948581,0.6355171025060141,0.6546650629164467,0.6518829492763276,0.021278966591553358,102,0.825225016642116,0.8210452371338334,0.8275109435335245,0.842597891657059,0.8126914886185661,0.8258141155170197,0.00979660086020249
53,0.860780668258667,0.030722304807057545,0.0022092342376708986,0.00017532533930171982,0.1,3,50,1.0,"{'learning_rate': 0.1, 'max_depth': 3, 'n_estimators': 50, 'subsample': 1.0}",0.6845041415185965,0.6452441857060913,0.6516946235415336,0.646277804879285,0.6475698489852066,0.6550581209261426,0.014885313126938029,101,0.8192630155327743,0.822115783234851,0.8278488806525662,0.8419557875720953,0.8215838362577491,0.8265534606500072,0.008203054614549513
54,0.9089089870452881,0.06393234301005099,0.002355480194091797,0.00023612259652111258,0.1,3,100,0.5,"{'learning_rate': 0.1, 'max_depth': 3, 'n_estimators': 100, 'subsample': 0.5}",0.7418939704568935,0.727607615449358,0.7055825138799824,0.6388849099457046,0.6889026969516966,0.700574341336727,0.035791073412509034,73,0.9258418314581675,0.913741523975928,0.9046066577980841,0.9149828387529808,0.9064121791790811,0.9131170062328483,0.007525599866077722
55,1.332402229309082,0.03804160130576853,0.0032412052154541016,0.0014869876185640955,0.1,3,100,0.75,"{'learning_rate': 0.1, 'max_depth': 3, 'n_estimators': 100, 'subsample': 0.75}",0.7189380388815747,0.7143240315172895,0.6865888278947214,0.6685740207650905,0.7178948565757648,0.7012639551268882,0.0202164135432176,71,0.9288601738474667,0.9337352998628693,0.9303337646989777,0.9077912266022589,0.9153730814690384,0.9232187092961223,0.009925824006992441
56,1.7756348609924317,0.17243479177662194,0.0023035526275634764,0.0002560625484738492,0.1,3,100,1.0,"{'learning_rate': 0.1, 'max_depth': 3, 'n_estimators': 100, 'subsample': 1.0}",0.6962073733176684,0.6960640834961486,0.6986916284748852,0.6854883573735568,0.7137106105559338,0.6980324106436385,0.009064202845063709,76,0.9198758391560545,0.9209477238443373,0.9010947151954147,0.9134989736686349,0.9129823840232809,0.9136799271775444,0.007072723165724478
57,1.865055513381958,0.14912500515469626,0.0031051158905029295,0.00022270232163357738,0.1,3,200,0.5,"{'learning_rate': 0.1, 'max_depth': 3, 'n_estimators': 200, 'subsample': 0.5}",0.7420653440152393,0.7779955099745027,0.713289885794748,0.7018188496196862,0.7337049410777902,0.7337749060963933,0.026324983060340413,57,0.9885638386767999,0.9900327587875246,0.9856848543761868,0.9914495126948776,0.9885638386767999,0.9888589606424377,0.0019150930296185104
58,2.5155475616455076,0.15488062526152505,0.0030379295349121094,0.0007450982884036903,0.1,3,200,0.75,"{'learning_rate': 0.1, 'max_depth': 3, 'n_estimators': 200, 'subsample': 0.75}",0.725,0.7660270136365395,0.7437180041945848,0.7360699299651778,0.7459654203437799,0.7433560736280164,0.013497737094793457,48,0.9914495126948776,0.9900327587875246,0.9857965671450027,0.9914269777566959,0.9942901168365917,0.9905991866441385,0.0027719037780696704
59,3.556816816329956,0.24259387550240227,0.002929019927978516,0.00024509018957648163,0.1,3,200,1.0,"{'learning_rate': 0.1, 'max_depth': 3, 'n_estimators': 200, 'subsample': 1.0}",0.7596751582829295,0.7687905097006132,0.7504426618685961,0.7247609219698097,0.7557912415003216,0.751892098664454,0.014829276740875995,43,0.9914495126948776,0.9872062961643026,0.9872062961643026,0.9787210316686566,0.9815812684774652,0.9852328810339209,0.004520480066984145
60,0.1484767436981201,0.0007951116646392146,0.0021086215972900392,2.251479440235152e-05,0.1,5,10,0.5,"{'learning_rate': 0.1, 'max_depth': 5, 'n_estimators': 10, 'subsample': 0.5}",0.5750546327852951,0.526627134255104,0.511414093718557,0.4646790672273222,0.5750546327852951,0.5305659121543147,0.0416698331696491,156,0.7665068419100041,0.758201171907187,0.7907511638743905,0.7894265164217541,0.7720350759674072,0.7753841540161486,0.012795396063248848
61,0.21080117225646972,0.008634622556348398,0.0020214080810546874,0.00020625296801055767,0.1,5,10,0.75,"{'learning_rate': 0.1, 'max_depth': 5, 'n_estimators': 10, 'subsample': 0.75}",0.5921233255251296,0.5352905862790245,0.551636170160129,0.5517010398791544,0.5944418393322445,0.5650385922351363,0.02383523776232885,135,0.8064491014668594,0.82791483470221,0.7940994510537449,0.8224879454175789,0.8290285247110337,0.8159959714702854,0.013598917630906428
62,0.292299222946167,0.019541842086549483,0.002051973342895508,0.00018725988355839087,0.1,5,10,1.0,"{'learning_rate': 0.1, 'max_depth': 5, 'n_estimators': 10, 'subsample': 1.0}",0.6209258851871853,0.5809184929987056,0.5981491886837906,0.5520524474738834,0.6173949065130319,0.5938881841713194,0.025377947848709875,126,0.824566769661971,0.8236988510143934,0.8121929323509552,0.8181916833870808,0.81843720800666,0.8194174888842121,0.004461007084411853
63,0.7443188190460205,0.06527621998797285,0.003483295440673828,0.0018642983058447795,0.1,5,50,0.5,"{'learning_rate': 0.1, 'max_depth': 5, 'n_estimators': 50, 'subsample': 0.5}",0.7475710226208837,0.7079762088469973,0.6845041415185965,0.6671905646871329,0.6980146631546941,0.7010513201656609,0.026987471049834018,72,0.969997930291693,0.9686296612263826,0.9828621547109061,0.9757604260638468,0.9714123440656109,0.9737325032716878,0.005154263813123338
64,1.0372541427612305,0.06361641765197747,0.0022991180419921877,0.0002573310118791735,0.1,5,50,0.75,"{'learning_rate': 0.1, 'max_depth': 5, 'n_estimators': 50, 'subsample': 0.75}",0.7418939704568935,0.7649943293640248,0.7138865186056023,0.6728624271423855,0.7178948565757648,0.7223064204289342,0.030792839426768706,63,0.9872062961643026,0.9857565666897329,0.9872062961643026,0.9772629920371116,0.9843448286391886,0.9843553959389277,0.003701914327407271
65,1.3819379329681396,0.07890089814777915,0.0023668766021728515,0.0002651576319382102,0.1,5,50,1.0,"{'learning_rate': 0.1, 'max_depth': 5, 'n_estimators': 50, 'subsample': 1.0}",0.7940166380409249,0.7337049410777902,0.7312569275168596,0.6909921987669386,0.7222894469450382,0.7344520304695104,0.03345263729567371,56,0.9801235276710681,0.9914495126948776,0.9801807651213961,0.960693023147112,0.9745272176704216,0.977394809260975,0.009999148801334914
66,1.3682293891906738,0.10487252661768152,0.0028231143951416016,0.00020485692391656509,0.1,5,100,0.5,"{'learning_rate': 0.1, 'max_depth': 5, 'n_estimators': 100, 'subsample': 0.5}",0.7878058336075311,0.7443713188952343,0.7262832566087142,0.7590728333764407,0.7551438394545574,0.7545354163884956,0.020146326729969022,41,0.9985689188010128,0.9971402515216047,0.9985689188010128,0.9985689188010128,0.9985689188010128,0.9982831853451313,0.0005714669117632631
67,2.0747501850128174,0.1714324205789369,0.0027767181396484374,0.00028778355452728683,0.1,5,100,0.75,"{'learning_rate': 0.1, 'max_depth': 5, 'n_estimators': 100, 'subsample': 0.75}",0.7825694781215932,0.8182801908083973,0.7725894187328015,0.7824505242392571,0.7786310867104962,0.7869041397225092,0.016102392412086688,23,1.0,1.0,0.9985689188010128,1.0,1.0,0.9997137837602026,0.0005724324795948644
68,2.886263132095337,0.18312705971192833,0.0029314041137695314,0.00021191650825055447,0.1,5,100,1.0,"{'learning_rate': 0.1, 'max_depth': 5, 'n_estimators': 100, 'subsample': 1.0}",0.8014709319206706,0.7954348047705995,0.7894213452344754,0.7705732079322956,0.7451204352105423,0.7804041450137167,0.020457896492576746,26,0.9985689188010128,1.0,0.9985689188010128,1.0,1.0,0.9994275675204051,0.0007010837436017805
69,2.82571964263916,0.18504379152186512,0.0036281585693359376,0.00043603856588266156,0.1,5,200,0.5,"{'learning_rate': 0.1, 'max_depth': 5, 'n_estimators': 200, 'subsample': 0.5}",0.7706450666700567,0.7766915467644999,0.7491419571028368,0.7418939704568935,0.7715115449575384,0.7619768171903651,0.013788598300499822,37,1.0,1.0,1.0,1.0,1.0,1.0,0.0
70,4.295451498031616,0.26064988035532755,0.0038648605346679687,0.00030900440802789076,0.1,5,200,0.75,"{'learning_rate': 0.1, 'max_depth': 5, 'n_estimators': 200, 'subsample': 0.75}",0.7879233147128103,0.8297028838272963,0.7600740422694886,0.7765529578800219,0.7907824117415504,0.7890071220862336,0.02303345666297495,19,1.0,1.0,1.0,1.0,1.0,1.0,0.0
71,5.42689790725708,0.34651927937916077,0.0033256053924560548,0.00031309948427366626,0.1,5,200,1.0,"{'learning_rate': 0.1, 'max_depth': 5, 'n_estimators': 200, 'subsample': 1.0}",0.8465505215343387,0.8372657777711132,0.8021979058743024,0.7821161028451185,0.822501772042835,0.8181264160135416,0.023425835196515126,7,1.0,1.0,1.0,1.0,1.0,1.0,0.0
72,0.3430480003356934,0.006021670429920734,0.0023091793060302734,2.4329725269757825e-05,0.1,10,10,0.5,"{'learning_rate': 0.1, 'max_depth': 10, 'n_estimators': 10, 'subsample': 0.5}",0.6231590534384884,0.6555383078412006,0.6104216208949882,0.6273135318215906,0.5875,0.6207865027992535,0.022232143862262767,113,0.9713541666666666,0.9742559587774025,0.9613276156001419,0.9713506923288235,0.9584886019943843,0.9673554070734838,0.006237379237001683
73,0.41152305603027345,0.0559496198719108,0.002054929733276367,0.00023744632847449155,0.1,10,10,0.75,"{'learning_rate': 0.1, 'max_depth': 10, 'n_estimators': 10, 'subsample': 0.75}",0.6672170820032036,0.7650251811773495,0.557416274473035,0.5992003339681561,0.7309515297335081,0.6639620802710505,0.07779206162289974,92,0.9971402515216047,1.0,1.0,0.9971354166666667,0.9957035870275044,0.9979958510431551,0.0017181442464131108
74,0.5709994792938232,0.09009262604901061,0.002384376525878906,0.0005683736390791766,0.1,10,10,1.0,"{'learning_rate': 0.1, 'max_depth': 10, 'n_estimators': 10, 'subsample': 1.0}",0.607332247634187,0.6787751731875111,0.5078376400576295,0.5818984299966528,0.6324633594051904,0.6016613700562342,0.05678190934510101,122,0.9942901168365917,1.0,1.0,1.0,1.0,0.9988580233673183,0.0022839532653633034
75,1.7115313529968261,0.17360763342229246,0.003265857696533203,0.0003439997581053889,0.1,10,50,0.5,"{'learning_rate': 0.1, 'max_depth': 10, 'n_estimators': 50, 'subsample': 0.5}",0.7245688373094719,0.7426990700526852,0.6854883573735568,0.7590721152765896,0.727607615449358,0.7278871990923322,0.024497518199990947,61,1.0,1.0,1.0,1.0,1.0,1.0,0.0
76,2.1896955490112306,0.19869680483534527,0.0030300140380859373,0.00026688637511028705,0.1,10,50,0.75,"{'learning_rate': 0.1, 'max_depth': 10, 'n_estimators': 50, 'subsample': 0.75}",0.8050764858994133,0.7935871390201802,0.7312569275168596,0.7768370658019351,0.7720006575969595,0.7757516551670695,0.02519158220294547,29,1.0,1.0,1.0,1.0,1.0,1.0,0.0
77,2.622342014312744,0.3107394556815865,0.00300140380859375,0.00036676383128836246,0.1,10,50,1.0,"{'learning_rate': 0.1, 'max_depth': 10, 'n_estimators': 50, 'subsample': 1.0}",0.5529182491661522,0.6557052811009695,0.47349616029963415,0.6846754616640486,0.6498764436064656,0.603334319167454,0.07864476597504867,120,1.0,1.0,1.0,1.0,1.0,1.0,0.0
78,3.160946321487427,0.28434841779587916,0.004070138931274414,0.0005243943798819193,0.1,10,100,0.5,"{'learning_rate': 0.1, 'max_depth': 10, 'n_estimators': 100, 'subsample': 0.5}",0.7486365395814388,0.8169109578795886,0.7715115449575384,0.7600926485178017,0.7834300078440207,0.7761163397560777,0.02345545924691315,28,1.0,1.0,1.0,1.0,1.0,1.0,0.0
79,4.913181257247925,0.29517152458678353,0.006463956832885742,0.0028831557397486236,0.1,10,100,0.75,"{'learning_rate': 0.1, 'max_depth': 10, 'n_estimators': 100, 'subsample': 0.75}",0.8050139677210947,0.7995966594036675,0.7846952314974532,0.7476542263006765,0.8062887083381434,0.788649758652207,0.021886189610522248,21,1.0,1.0,1.0,1.0,1.0,1.0,0.0
80,5.379777145385742,0.22073244169203915,0.0038031578063964845,0.00014917365609339863,0.1,10,100,1.0,"{'learning_rate': 0.1, 'max_depth': 10, 'n_estimators': 100, 'subsample': 1.0}",0.7088608185890366,0.7073414024462656,0.49162927740852536,0.661275190853298,0.6618138952944901,0.6461841169183231,0.0800347567072759,105,1.0,1.0,1.0,1.0,1.0,1.0,0.0
81,6.239637184143066,0.6300547488511544,0.006142187118530274,0.0007434524309760208,0.1,10,200,0.5,"{'learning_rate': 0.1, 'max_depth': 10, 'n_estimators': 200, 'subsample': 0.5}",0.7590728333764407,0.8283581177989204,0.7600740422694886,0.7878058336075311,0.794859358091082,0.7860340370286926,0.025585860150840765,24,1.0,1.0,1.0,1.0,1.0,1.0,0.0
82,9.255040550231934,0.5170085869819537,0.006961917877197266,0.0006589405184169476,0.1,10,200,0.75,"{'learning_rate': 0.1, 'max_depth': 10, 'n_estimators': 200, 'subsample': 0.75}",0.8346264476935431,0.8626995975569158,0.794859358091082,0.8170629468932724,0.822501772042835,0.8263500244555295,0.022282331882565138,4,1.0,1.0,1.0,1.0,1.0,1.0,0.0
83,9.783761930465698,1.136005666708962,0.00551900863647461,0.0011917166841051486,0.1,10,200,1.0,"{'learning_rate': 0.1, 'max_depth': 10, 'n_estimators': 200, 'subsample': 1.0}",0.48019603839902475,0.6677083333333333,0.5024140768003459,0.788384643807099,0.6392608709294946,0.6155927926538595,0.11337983429122947,116,1.0,1.0,1.0,1.0,1.0,1.0,0.0
84,0.35201616287231446,0.0040281543852172565,0.0018124103546142579,4.135291731653308e-05,0.1,15,10,0.5,"{'learning_rate': 0.1, 'max_depth': 15, 'n_estimators': 10, 'subsample': 0.5}",0.5981491886837906,0.7193825127161433,0.5461831405223195,0.6040796973096798,0.6670757820592057,0.6269740642582278,0.060049426250292165,111,0.9756552121896728,0.9828120574300485,0.9813836388425078,0.978545298467786,0.9785546641169452,0.979390174209392,0.002491787287927033
85,0.6196942329406738,0.0983741607653273,0.0021349430084228516,0.0002943914994457534,0.1,15,10,0.75,"{'learning_rate': 0.1, 'max_depth': 15, 'n_estimators': 10, 'subsample': 0.75}",0.6404074129030805,0.713067744653766,0.6209258851871853,0.6281507425771197,0.6842973644861307,0.6573698299614563,0.03548799680848507,100,0.9985689188010128,1.0,0.9985685463414732,1.0,1.0,0.9994274930284972,0.000701174987076382
86,0.4571441650390625,0.04614185208400926,0.0019143104553222656,0.00029023802857577007,0.1,15,10,1.0,"{'learning_rate': 0.1, 'max_depth': 15, 'n_estimators': 10, 'subsample': 1.0}",0.5624725290865096,0.5863134625331698,0.45,0.5518944873351295,0.6329926325693158,0.5567346223048248,0.0602309256081408,142,1.0,1.0,1.0,1.0,1.0,1.0,0.0
87,2.29924898147583,0.34552374308754186,0.00395498275756836,0.0010830278582325862,0.1,15,50,0.5,"{'learning_rate': 0.1, 'max_depth': 15, 'n_estimators': 50, 'subsample': 0.5}",0.7246169826179503,0.7881441030840838,0.7016464154456233,0.6672170820032036,0.7479166666666667,0.7259082499635057,0.0409698157220687,62,1.0,1.0,1.0,1.0,1.0,1.0,0.0
88,3.5758490562438965,0.3748008772995843,0.004015445709228516,0.0005990452478861832,0.1,15,50,0.75,"{'learning_rate': 0.1, 'max_depth': 15, 'n_estimators': 50, 'subsample': 0.75}",0.7706911912567197,0.8109028401785188,0.7308813214861648,0.7313574155476055,0.7706450666700567,0.762895567027813,0.029816410560560055,36,1.0,1.0,1.0,1.0,1.0,1.0,0.0
89,2.215024471282959,0.11744544027504712,0.003240966796875,0.0019240987371033451,0.1,15,50,1.0,"{'learning_rate': 0.1, 'max_depth': 15, 'n_estimators': 50, 'subsample': 1.0}",0.5633647054891133,0.5690529772319189,0.4573295603800236,0.5633362729402895,0.639719787230254,0.5585606606543199,0.058293247492240984,140,1.0,1.0,1.0,1.0,1.0,1.0,0.0
90,4.64752516746521,0.6739261900115376,0.005830955505371094,0.0018775729035204773,0.1,15,100,0.5,"{'learning_rate': 0.1, 'max_depth': 15, 'n_estimators': 100, 'subsample': 0.5}",0.7590721152765896,0.7879233147128103,0.7088608185890366,0.7132256789312262,0.7202940575985372,0.73787519702164,0.030700660544264468,53,1.0,1.0,1.0,1.0,1.0,1.0,0.0
91,6.682298564910889,0.627808842634158,0.004916048049926758,0.0001658674884802435,0.1,15,100,0.75,"{'learning_rate': 0.1, 'max_depth': 15, 'n_estimators': 100, 'subsample': 0.75}",0.7996085112853667,0.8113519252676393,0.7308813214861648,0.7596818114776634,0.7943865503336379,0.7791820239700945,0.02965312025121638,27,1.0,1.0,1.0,1.0,1.0,1.0,0.0
92,4.513039636611938,0.3590898195665171,0.002964162826538086,0.0003271137173420324,0.1,15,100,1.0,"{'learning_rate': 0.1, 'max_depth': 15, 'n_estimators': 100, 'subsample': 1.0}",0.5695437518209463,0.5633585066523304,0.46269897238019486,0.5403215416962872,0.6126717164682163,0.5497188978035951,0.04940222437639454,150,1.0,1.0,1.0,1.0,1.0,1.0,0.0
93,8.918838548660279,0.9243868905645497,0.010535860061645507,0.004962421184239243,0.1,15,200,0.5,"{'learning_rate': 0.1, 'max_depth': 15, 'n_estimators': 200, 'subsample': 0.5}",0.7705581169626042,0.8394698184795851,0.7600740422694886,0.7361357438226549,0.732292168934612,0.767705978093789,0.03864517433928373,33,1.0,1.0,1.0,1.0,1.0,1.0,0.0
94,14.097269630432129,1.4687921242165138,0.01016855239868164,0.0012385994017205205,0.1,15,200,0.75,"{'learning_rate': 0.1, 'max_depth': 15, 'n_estimators': 200, 'subsample': 0.75}",0.8108523000615957,0.8451956625458281,0.8062887083381434,0.7943560850305857,0.8052083333333333,0.8123802178618973,0.01727772972874854,9,1.0,1.0,1.0,1.0,1.0,1.0,0.0
95,8.078080987930297,0.6099926498396312,0.0040553569793701175,0.0005499649400096522,0.1,15,200,1.0,"{'learning_rate': 0.1, 'max_depth': 15, 'n_estimators': 200, 'subsample': 1.0}",0.5800303312631031,0.5926804152173214,0.4566455066570431,0.5690529772319189,0.6566507190089432,0.5710119898756659,0.0647585875078572,130,1.0,1.0,1.0,1.0,1.0,1.0,0.0
96,0.0914243221282959,0.0008429101927195908,0.0020184040069580076,1.568743522310858e-05,0.5,3,10,0.5,"{'learning_rate': 0.5, 'max_depth': 3, 'n_estimators': 10, 'subsample': 0.5}",0.5401635656611493,0.47952979172869453,0.4594012461351134,0.5227092234209403,0.570544330734548,0.514469631536089,0.04031317524553549,158,0.7292623708284103,0.6842378895376193,0.7062818936763569,0.7110247286257693,0.7531025838261557,0.7167818932988623,0.023140708708691244
97,0.13173155784606932,0.0005798902413721232,0.002009153366088867,1.5304170120397686e-05,0.5,3,10,0.75,"{'learning_rate': 0.5, 'max_depth': 3, 'n_estimators': 10, 'subsample': 0.75}",0.607332247634187,0.5985625323993805,0.638592278367959,0.5572026616963979,0.6090148842027799,0.6021409208601409,0.026211275094956653,121,0.7599877136142572,0.7681795144410206,0.770376523655519,0.7799737293069819,0.7477833792329991,0.7652601720501556,0.010811341138145655
98,0.16457138061523438,0.01093737114722877,0.0017787933349609375,0.0002607945482716137,0.5,3,10,1.0,"{'learning_rate': 0.5, 'max_depth': 3, 'n_estimators': 10, 'subsample': 1.0}",0.6516946235415336,0.5259720986761744,0.6049032019707433,0.5650734396542887,0.6047769905786209,0.5904840708842723,0.04234719681152438,127,0.764578663845915,0.7581526229561503,0.7822207911419864,0.7873696530143928,0.7977762206745131,0.7780195903265915,0.014633886021277017
99,0.47771444320678713,0.07743103948503215,0.0028316497802734373,0.0013300726692492006,0.5,3,50,0.5,"{'learning_rate': 0.5, 'max_depth': 3, 'n_estimators': 50, 'subsample': 0.5}",0.7076718659920611,0.713067744653766,0.6788767772695627,0.610862079331616,0.6691365053734076,0.6759229945240827,0.03653882114920484,87,0.9543239062941992,0.9785138311436918,0.9727839125157544,0.9413767467262192,0.9500590752390139,0.9594114943837756,0.014016591995816697
100,0.6793392181396485,0.06945320751144221,0.002176856994628906,0.0002501905361337954,0.5,3,50,0.75,"{'learning_rate': 0.5, 'max_depth': 3, 'n_estimators': 50, 'subsample': 0.75}",0.7079762088469973,0.6960640834961486,0.7426990700526852,0.6444636687443775,0.7437180041945848,0.7069842070669587,0.036480060767442556,68,0.9799997020495823,0.9914269777566959,0.9885638386767999,0.9899762788217603,0.9885487036625412,0.9877031001934758,0.003995819418063218
101,0.8659666538238525,0.05848114468043784,0.0021828174591064452,0.00024508115347255505,0.5,3,50,1.0,"{'learning_rate': 0.5, 'max_depth': 3, 'n_estimators': 50, 'subsample': 1.0}",0.8182801908083973,0.7257615342053393,0.719428765166581,0.70158029638859,0.7504426618685961,0.7430986896875007,0.0407205385704801,50,0.9942901168365917,0.9942901168365917,0.9871706404309772,0.9871706404309772,0.9971402515216047,0.9920123532113484,0.004087936414390796
102,0.8653021335601807,0.07715687694695915,0.002286195755004883,0.00033972735100176537,0.5,3,100,0.5,"{'learning_rate': 0.5, 'max_depth': 3, 'n_estimators': 100, 'subsample': 0.5}",0.7073862976639875,0.6898510988658372,0.7020833333333333,0.6958069531854386,0.6348484546322237,0.685995227536164,0.02624322812372458,83,0.9515813263512757,0.9914495126948776,1.0,0.9942764022352503,0.9614115752220508,0.9797437633006908,0.01943053917512652
103,1.2652875423431396,0.07131964100956557,0.002406597137451172,0.00023532157730492007,0.5,3,100,0.75,"{'learning_rate': 0.5, 'max_depth': 3, 'n_estimators': 100, 'subsample': 0.75}",0.7377126068557754,0.7652389904449162,0.7491419571028368,0.6906104950521854,0.7364583333333333,0.7358324765578094,0.02486298264210014,54,1.0,1.0,1.0,1.0,1.0,1.0,0.0
104,1.6406330585479736,0.06882338430522895,0.0021633625030517576,0.000281298012785354,0.5,3,100,1.0,"{'learning_rate': 0.5, 'max_depth': 3, 'n_estimators': 100, 'subsample': 1.0}",0.8303653243359292,0.7557912415003216,0.8068574977894983,0.7893180176443177,0.8052083333333333,0.79750808292068,0.02463199446065715,13,1.0,1.0,1.0,1.0,1.0,1.0,0.0
105,1.826930618286133,0.075057040525797,0.002698659896850586,0.0004147732326897565,0.5,3,200,0.5,"{'learning_rate': 0.5, 'max_depth': 3, 'n_estimators': 200, 'subsample': 0.5}",0.6962073733176684,0.6962073733176684,0.6559347049194393,0.6211283415865692,0.6788767772695627,0.6696709140821816,0.028418937493131145,89,0.9957035870275044,0.9985689188010128,0.9842478521689253,0.9097783056820702,0.9985685463414732,0.9773734420041972,0.03420770343243665
106,2.49532036781311,0.23725006615272842,0.003522825241088867,0.0018263609923192172,0.5,3,200,0.75,"{'learning_rate': 0.5, 'max_depth': 3, 'n_estimators': 200, 'subsample': 0.75}",0.7308813214861648,0.8394712837204271,0.7367808384442659,0.7533133695181056,0.8021979058743024,0.7725289438086531,0.04181677644317394,31,1.0,1.0,1.0,1.0,1.0,1.0,0.0
107,3.4080710411071777,0.2777844937300242,0.0028478622436523436,0.00033577873894426245,0.5,3,200,1.0,"{'learning_rate': 0.5, 'max_depth': 3, 'n_estimators': 200, 'subsample': 1.0}",0.8177180585852046,0.8243107771308452,0.8311346964968616,0.7993932514792107,0.8681747634335595,0.8281463094251362,0.022633628310095338,3,1.0,1.0,1.0,1.0,1.0,1.0,0.0
108,0.1345376491546631,0.010659061774856914,0.0017414569854736328,0.0002549640481786022,0.5,5,10,0.5,"{'learning_rate': 0.5, 'max_depth': 5, 'n_estimators': 10, 'subsample': 0.5}",0.6324633594051904,0.6469397955249131,0.6119897541381011,0.6270283317735235,0.5830302158895662,0.6202902913462588,0.021730131102767815,114,0.8715028977949388,0.9113500272140761,0.8505172908097273,0.8983552866601359,0.8639709628839931,0.8791392930725742,0.02242497532026403
109,0.1970506191253662,0.017603870217658513,0.0018129825592041015,0.00022950927841622402,0.5,5,10,0.75,"{'learning_rate': 0.5, 'max_depth': 5, 'n_estimators': 10, 'subsample': 0.75}",0.6440611887195306,0.639719787230254,0.6151640840426085,0.725007537924741,0.5550646729957194,0.6358034541825707,0.05474601499253811,109,0.9385613482373659,0.9474851692995734,0.935699880712252,0.9613520932007771,0.9528686858629355,0.9471934354625808,0.009374176180852187
110,0.273891019821167,0.015682426024357203,0.00261383056640625,0.0015178726482752882,0.5,5,10,1.0,"{'learning_rate': 0.5, 'max_depth': 5, 'n_estimators': 10, 'subsample': 1.0}",0.7362319581448715,0.6583624885438121,0.6613694353744256,0.6268904600705456,0.7012621696741442,0.6768233023615597,0.037946169789402996,86,0.9616246023554915,0.9586993740069971,0.9504341731979388,0.9432422182837986,0.9615024366708553,0.9551005609030163,0.00719574943792093
111,0.7264188766479492,0.009273344725929068,0.0022351741790771484,0.0002963876475303118,0.5,5,50,0.5,"{'learning_rate': 0.5, 'max_depth': 5, 'n_estimators': 50, 'subsample': 0.5}",0.6751629926347488,0.65625,0.5635535401295892,0.5999490046367919,0.747943822980855,0.648571872076397,0.06361308980482717,104,1.0,1.0,0.99140625,1.0,1.0,0.99828125,0.0034374999999999822
112,0.9210748195648193,0.019771006732213697,0.0019390106201171875,0.00010173490349442667,0.5,5,50,0.75,"{'learning_rate': 0.5, 'max_depth': 5, 'n_estimators': 50, 'subsample': 0.75}",0.7705732079322956,0.8117599696745419,0.7426990700526852,0.7600926485178017,0.7786310867104962,0.7727511965775641,0.02291012993718898,30,1.0,1.0,1.0,1.0,1.0,1.0,0.0
113,1.3806185722351074,0.13510240269530663,0.002247142791748047,0.0003294769274155276,0.5,5,50,1.0,"{'learning_rate': 0.5, 'max_depth': 5, 'n_estimators': 50, 'subsample': 1.0}",0.8110492157232513,0.8003267306650412,0.7600740422694886,0.7880807345826943,0.7846952314974532,0.7888451909475858,0.017148935965538008,20,1.0,1.0,1.0,1.0,1.0,1.0,0.0
114,1.4379645824432372,0.17713916987637954,0.0022838592529296877,0.00026782952046337593,0.5,5,100,0.5,"{'learning_rate': 0.5, 'max_depth': 5, 'n_estimators': 100, 'subsample': 0.5}",0.7076718659920611,0.7596751582829295,0.7420653440152393,0.6559347049194393,0.67662747041403,0.7083949087247399,0.0387946597312404,67,0.9985685463414732,0.9971387638065798,1.0,0.9942734225312736,0.9928686286186559,0.9965698722595965,0.002647904750462072
115,2.0301374912261965,0.14521925303196456,0.002295112609863281,4.7220266736376895e-05,0.5,5,100,0.75,"{'learning_rate': 0.5, 'max_depth': 5, 'n_estimators': 100, 'subsample': 0.75}",0.7649943293640248,0.828125,0.7262832566087142,0.7418453079826707,0.7779955099745027,0.7678486807859825,0.03506622308374665,32,1.0,1.0,1.0,1.0,1.0,1.0,0.0
116,2.8800916194915773,0.13994919856905738,0.0029538154602050783,4.001553110382132e-05,0.5,5,100,1.0,"{'learning_rate': 0.5, 'max_depth': 5, 'n_estimators': 100, 'subsample': 1.0}",0.8136134000070545,0.8634354595734499,0.7779955099745027,0.8114797998174269,0.8182801908083973,0.8169608720361662,0.027280670999931995,8,1.0,1.0,1.0,1.0,1.0,1.0,0.0
117,2.7275492668151857,0.18561374161174432,0.0032399177551269533,0.0005658638510462779,0.5,5,200,0.5,"{'learning_rate': 0.5, 'max_depth': 5, 'n_estimators': 200, 'subsample': 0.5}",0.6498137077451323,0.822794067803465,0.7268986466572057,0.6327347139286424,0.7383213396761047,0.7141124951621101,0.06829043182808589,66,0.9942764022352503,1.0,0.9985685463414732,0.9813836388425078,1.0,0.9948457174838463,0.007050452360149687
118,4.125697755813599,0.23471500871490547,0.0033738136291503905,0.00034055132314869424,0.5,5,200,0.75,"{'learning_rate': 0.5, 'max_depth': 5, 'n_estimators': 200, 'subsample': 0.75}",0.829147408832266,0.829147408832266,0.7715115449575384,0.7878836627799027,0.7779955099745027,0.7991371070752952,0.025052006873273323,12,1.0,0.9985689188010128,1.0,1.0,1.0,0.9997137837602026,0.0005724324795948644
119,5.6113691329956055,0.27967953530628,0.003560638427734375,0.00035687496404642887,0.5,5,200,1.0,"{'learning_rate': 0.5, 'max_depth': 5, 'n_estimators': 200, 'subsample': 1.0}",0.891792642741046,0.8630115664619364,0.8243107771308452,0.8107783283579056,0.8646178939647864,0.8509022417313039,0.029406850121536893,1,1.0,1.0,1.0,1.0,1.0,1.0,0.0
120,0.2546419143676758,0.030083818789173506,0.0017933368682861329,0.000222003490336052,0.5,10,10,0.5,"{'learning_rate': 0.5, 'max_depth': 10, 'n_estimators': 10, 'subsample': 0.5}",0.6444636687443775,0.5967190114847657,0.6163557582903271,0.6093884109691801,0.47838201250420626,0.5890617723985714,0.05750851516227562,128,0.9871263236360363,0.9742160336041298,0.9885519365146832,0.9942708333333333,0.9928686286186559,0.9874067511413678,0.007103982660271148
121,0.37182369232177737,0.029350590095954934,0.0018732547760009766,0.00012548873764796513,0.5,10,10,0.75,"{'learning_rate': 0.5, 'max_depth': 10, 'n_estimators': 10, 'subsample': 0.75}",0.6793793254186263,0.6812078745816099,0.6329926325693158,0.6324633594051904,0.6909921987669386,0.6634070781483362,0.02535930655833906,93,1.0,1.0,1.0,1.0,1.0,1.0,0.0
122,0.4894874095916748,0.06833380575161549,0.002020120620727539,0.00039492259703761127,0.5,10,10,1.0,"{'learning_rate': 0.5, 'max_depth': 10, 'n_estimators': 10, 'subsample': 1.0}",0.6494251159196948,0.6500702441556184,0.5487954724560283,0.621249430342479,0.7337049410777902,0.6406490407903223,0.0593946159969213,107,1.0,1.0,1.0,1.0,1.0,1.0,0.0
123,1.3079488277435303,0.10328894922703893,0.0024227142333984376,0.000281001096180397,0.5,10,50,0.5,"{'learning_rate': 0.5, 'max_depth': 10, 'n_estimators': 50, 'subsample': 0.5}",0.7361357438226549,0.6845041415185965,0.6577071551263463,0.6618138952944901,0.7451204352105423,0.697056274194526,0.03683830342803265,77,0.9957047054745953,0.9971387638065798,1.0,0.9885427399806611,1.0,0.9962772418523673,0.0042097599370135175
124,2.080059862136841,0.21488389995447896,0.0028584957122802734,0.00037856388787681043,0.5,10,50,0.75,"{'learning_rate': 0.5, 'max_depth': 10, 'n_estimators': 50, 'subsample': 0.75}",0.7995966594036675,0.8297028838272963,0.7418203777501456,0.7418453079826707,0.7907824117415504,0.780749528141066,0.03429670899490202,25,1.0,1.0,1.0,1.0,1.0,1.0,0.0
125,2.8359238624572756,0.2338820615297975,0.002954244613647461,0.00039226260430533927,0.5,10,50,1.0,"{'learning_rate': 0.5, 'max_depth': 10, 'n_estimators': 50, 'subsample': 1.0}",0.8177180585852046,0.8398052777182522,0.7383213396761047,0.8003656318376974,0.8110492157232513,0.801451904708102,0.03410080817792746,11,1.0,1.0,1.0,1.0,1.0,1.0,0.0
126,2.8063279151916505,0.3546138575544082,0.003484153747558594,0.0005180926153181122,0.5,10,100,0.5,"{'learning_rate': 0.5, 'max_depth': 10, 'n_estimators': 100, 'subsample': 0.5}",0.7423338778057487,0.7426990700526852,0.6626040723019054,0.6571365180770408,0.6794773981310126,0.6968501872736785,0.03800703058860461,78,1.0,1.0,0.9942734225312736,1.0,0.9957047054745953,0.9979956256011737,0.0024962235842146217
127,4.020322704315186,0.3338623645838494,0.003811168670654297,0.0005021319968475278,0.5,10,100,0.75,"{'learning_rate': 0.5, 'max_depth': 10, 'n_estimators': 100, 'subsample': 0.75}",0.8337812854103812,0.8425485312802142,0.7533719362445529,0.7763278678198717,0.7660270136365395,0.794411326878312,0.036562539287535785,15,1.0,1.0,1.0,1.0,1.0,1.0,0.0
128,2.832718086242676,0.7012254315731625,0.00283198356628418,0.00047744246210750364,0.5,10,100,1.0,"{'learning_rate': 0.5, 'max_depth': 10, 'n_estimators': 100, 'subsample': 1.0}",0.8231932086840424,0.7824505242392571,0.5879677594929523,0.7878836627799027,0.8110492157232513,0.7585088741838812,0.08656200463397552,39,1.0,1.0,1.0,1.0,1.0,1.0,0.0
129,5.022434282302856,0.3184365379032605,0.004780244827270508,0.0004912095671911565,0.5,10,200,0.5,"{'learning_rate': 0.5, 'max_depth': 10, 'n_estimators': 200, 'subsample': 0.5}",0.7825694781215932,0.7600740422694886,0.7198147849810338,0.7073862976639875,0.7618601850782152,0.7463409576228637,0.02815334118638495,47,0.9985685463414732,0.9971354166666667,0.9985689188010128,0.9928386277135356,1.0,0.9974223019045377,0.002464366300565113
130,4.056329727172852,0.41528524179723925,0.0038973331451416016,0.0005141169390355581,0.5,10,200,0.75,"{'learning_rate': 0.5, 'max_depth': 10, 'n_estimators': 200, 'subsample': 0.75}",0.7822916666666667,0.8337812854103812,0.8058240530216876,0.7362319581448715,0.7846952314974532,0.788564838948212,0.032048290021696416,22,1.0,1.0,1.0,0.9985689188010128,1.0,0.9997137837602026,0.0005724324795948644
131,3.1437680244445803,0.3727629287807867,0.0038812637329101564,0.0014886644341736582,0.5,10,200,1.0,"{'learning_rate': 0.5, 'max_depth': 10, 'n_estimators': 200, 'subsample': 1.0}",0.8122730157544208,0.7878836627799027,0.7268986466572057,0.7996085112853667,0.8337812854103812,0.7920890243774554,0.03597124194346445,17,1.0,1.0,1.0,1.0,1.0,1.0,0.0
132,0.446302604675293,0.025236893037964274,0.002360820770263672,3.290660103886222e-05,0.5,15,10,0.5,"{'learning_rate': 0.5, 'max_depth': 15, 'n_estimators': 10, 'subsample': 0.5}",0.5526953793438837,0.6256856703965138,0.5749405781881233,0.4937443935662728,0.513282751414073,0.5520697545817733,0.046581215940201384,147,0.9770933065171233,0.9942708333333333,0.9799467161547423,0.9756695492327411,0.9957035870275044,0.9845367984530888,0.008655069480456527
133,0.6571271896362305,0.10004328774924928,0.0021555423736572266,0.0002897072020461692,0.5,15,10,0.75,"{'learning_rate': 0.5, 'max_depth': 15, 'n_estimators': 10, 'subsample': 0.75}",0.6555063664765035,0.6736185398882459,0.6215215963942541,0.6845041415185965,0.621875,0.6514051288555199,0.025964800948939517,103,1.0,0.9985685463414732,1.0,1.0,1.0,0.9997137092682946,0.0005725814634107262
134,0.44414429664611815,0.05001841115856867,0.0018804073333740234,0.000271470015193966,0.5,15,10,1.0,"{'learning_rate': 0.5, 'max_depth': 15, 'n_estimators': 10, 'subsample': 1.0}",0.5467205049355897,0.5631942613444365,0.4687627993895242,0.5747759883151647,0.6126717164682163,0.5532250540905863,0.047484555712271566,144,1.0,1.0,1.0,1.0,1.0,1.0,0.0
135,2.135381650924683,0.13878778095211905,0.003098011016845703,0.00042752034674856793,0.5,15,50,0.5,"{'learning_rate': 0.5, 'max_depth': 15, 'n_estimators': 50, 'subsample': 0.5}",0.6960040197657879,0.6383834518385055,0.6626040723019054,0.5875,0.6301720928443615,0.642932727350112,0.0359439587497658,106,0.995710645075141,0.9985689188010128,0.9971354166666667,0.9985685463414732,0.9985685463414732,0.9977104146451534,0.0011436354673143713
136,3.0939754009246827,0.2969589002978691,0.003894138336181641,0.00157079806665629,0.5,15,50,0.75,"{'learning_rate': 0.5, 'max_depth': 15, 'n_estimators': 50, 'subsample': 0.75}",0.7648063612860656,0.7611667257139025,0.7940166380409249,0.7762993530540256,0.7383213396761047,0.7669220835542047,0.018317483675836185,34,1.0,1.0,1.0,1.0,1.0,1.0,0.0
137,1.6236892700195313,0.11643689784253168,0.0024044990539550783,0.00030277651651637626,0.5,15,50,1.0,"{'learning_rate': 0.5, 'max_depth': 15, 'n_estimators': 50, 'subsample': 1.0}",0.5643293199744592,0.5979139540863954,0.46269897238019486,0.5632385140971595,0.6234191043851623,0.5623199729846743,0.0546429506946727,136,1.0,1.0,1.0,1.0,1.0,1.0,0.0
138,4.1400360584259035,0.2743641113110794,0.0041351795196533205,0.0004570805499024285,0.5,15,100,0.5,"{'learning_rate': 0.5, 'max_depth': 15, 'n_estimators': 100, 'subsample': 0.5}",0.6962073733176684,0.7079762088469973,0.6727877757868226,0.6497474141506256,0.6751629926347488,0.6803763529473725,0.020175583126792154,85,0.9942734225312736,0.9900327587875246,0.9842437497716294,0.9942708333333333,1.0,0.9925641528847521,0.005229976046594655
139,4.395846033096314,0.3810013450862487,0.004009628295898437,0.00044391271961459667,0.5,15,100,0.75,"{'learning_rate': 0.5, 'max_depth': 15, 'n_estimators': 100, 'subsample': 0.75}",0.8058240530216876,0.7486365395814388,0.7312569275168596,0.7365656291090484,0.7240843112907585,0.7492734921039585,0.029390314255156678,45,1.0,1.0,1.0,1.0,1.0,1.0,0.0
140,1.6670908451080322,0.09724550609999343,0.0023831844329833983,0.0003162293079089791,0.5,15,100,1.0,"{'learning_rate': 0.5, 'max_depth': 15, 'n_estimators': 100, 'subsample': 1.0}",0.5353088814929113,0.5575252005292465,0.46269897238019486,0.5809184929987056,0.6288281455225324,0.5530559385847182,0.05480339946049584,145,1.0,1.0,1.0,1.0,1.0,1.0,0.0
141,5.941602325439453,0.5847167935181868,0.004749202728271484,0.0005260596375758148,0.5,15,200,0.5,"{'learning_rate': 0.5, 'max_depth': 15, 'n_estimators': 200, 'subsample': 0.5}",0.6965236525274136,0.7208663336746394,0.6791666666666667,0.644219997514806,0.7198147849810338,0.6921182870729119,0.028548008821341772,81,0.9899736683995669,0.9914125529488957,0.9885638386767999,0.9971402515216047,0.9928686286186559,0.9919917880331047,0.0029473609426850698
142,4.29803466796875,0.4842993955569912,0.003818655014038086,0.000584241575272667,0.5,15,200,0.75,"{'learning_rate': 0.5, 'max_depth': 15, 'n_estimators': 200, 'subsample': 0.75}",0.7364583333333333,0.794859358091082,0.7423338778057487,0.6958585209613152,0.7469064529073726,0.7432833086197703,0.031527157323731625,49,1.0,1.0,1.0,1.0,1.0,1.0,0.0
143,1.5853537559509276,0.11066091343044797,0.0022898197174072267,0.0003971302824760498,0.5,15,200,1.0,"{'learning_rate': 0.5, 'max_depth': 15, 'n_estimators': 200, 'subsample': 1.0}",0.5695437518209463,0.5750546327852951,0.463408200926304,0.5863134625331698,0.6355171025060141,0.5659674301143458,0.0563291767842448,134,1.0,1.0,1.0,1.0,1.0,1.0,0.0
144,0.07997188568115235,0.005397524305742887,0.001569366455078125,0.00021593888572003574,1.0,3,10,0.5,"{'learning_rate': 1.0, 'max_depth': 3, 'n_estimators': 10, 'subsample': 0.5}",0.5635535401295892,0.5536262797349568,0.6204274288811966,0.4996951936780015,0.5677622905146916,0.5610129465876872,0.03846171767948588,137,0.6404096799976722,0.7419674762324023,0.7722825923445165,0.7260140625076732,0.6923724497065974,0.7146092521577724,0.04517700340643517
145,0.12110433578491211,0.008957685983390595,0.0016736507415771485,0.0002740310339742881,1.0,3,10,0.75,"{'learning_rate': 1.0, 'max_depth': 3, 'n_estimators': 10, 'subsample': 0.75}",0.5867843687183848,0.6583624885438121,0.5819980893315757,0.5319843024086719,0.5529182491661522,0.5824094996337194,0.042896619054762476,129,0.7865615571077853,0.803860076849174,0.7648950049331623,0.7642032710080185,0.7555219308977102,0.7750083681591702,0.017689820499637944
146,0.15892210006713867,0.011050267615965526,0.0017193794250488282,0.0002755744456575519,1.0,3,10,1.0,"{'learning_rate': 1.0, 'max_depth': 3, 'n_estimators': 10, 'subsample': 1.0}",0.6268904600705456,0.6362674297724058,0.6408854868548307,0.6044914319225264,0.6660776075948633,0.6349224832430344,0.01999285045877089,110,0.8067235680555668,0.794495117921574,0.834740893238345,0.8332537980989038,0.8264193564893514,0.8191265467607483,0.01585631285924917
147,0.42916231155395507,0.03310408058631564,0.002021646499633789,0.0002444197969648572,1.0,3,50,0.5,"{'learning_rate': 1.0, 'max_depth': 3, 'n_estimators': 50, 'subsample': 0.5}",0.5694255012307455,0.4270833333333333,0.5346727113951265,0.5694255012307455,0.5197224068147134,0.5240658908009329,0.0522531826129298,157,0.8036688442696768,0.7922027518092793,0.8567102707591667,0.8597766902739831,0.844207981994481,0.8313133078213173,0.0279831894028326
148,0.6562406063079834,0.04329269746098867,0.002071094512939453,0.00023424051607787226,1.0,3,50,0.75,"{'learning_rate': 1.0, 'max_depth': 3, 'n_estimators': 50, 'subsample': 0.75}",0.645699015388991,0.610862079331616,0.6974275795795359,0.7131316990317869,0.6388849099457046,0.6612010566555269,0.03816146985165974,97,0.9899762788217603,0.9598958333333333,1.0,0.9957047054745953,1.0,0.9891153635259379,0.015065803460050953
149,0.8292052745819092,0.10092597972859756,0.002818012237548828,0.001489137408998528,1.0,3,50,1.0,"{'learning_rate': 1.0, 'max_depth': 3, 'n_estimators': 50, 'subsample': 1.0}",0.7935286841349312,0.7482279983635977,0.7935871390201802,0.7418939704568935,0.70477256903012,0.7564020722011445,0.03377579193750511,40,1.0,1.0,1.0,1.0,1.0,1.0,0.0
150,0.8626495361328125,0.07852080554623339,0.0022414684295654296,0.00019434273936792928,1.0,3,100,0.5,"{'learning_rate': 1.0, 'max_depth': 3, 'n_estimators': 100, 'subsample': 0.5}",0.553125,0.5867935795839886,0.5346727113951265,0.484375,0.5548430029027945,0.5427618587763818,0.03366482068816546,154,0.8610866791329725,0.8811361724178951,0.896905526499198,0.8898586163083664,0.8983214523764002,0.8854616893469665,0.013627318887292982
151,1.3111882209777832,0.11353690811291499,0.0030216693878173826,0.0015869583025712388,1.0,3,100,0.75,"{'learning_rate': 1.0, 'max_depth': 3, 'n_estimators': 100, 'subsample': 0.75}",0.6958069531854386,0.6053933596227771,0.6383834518385055,0.6843554189103456,0.6908884689393197,0.6629655304992773,0.03531178362001209,94,1.0,0.9985689188010128,1.0,1.0,1.0,0.9997137837602026,0.0005724324795948644
152,1.750676155090332,0.13981672258480657,0.0022153377532958983,0.000302123564360973,1.0,3,100,1.0,"{'learning_rate': 1.0, 'max_depth': 3, 'n_estimators': 100, 'subsample': 1.0}",0.8164992513072581,0.8054637979602568,0.7834300078440207,0.7362319581448715,0.8101729496430582,0.790359592979893,0.029263656131149295,18,1.0,1.0,1.0,1.0,1.0,1.0,0.0
153,1.7253901004791259,0.13664973485189233,0.0024591922760009766,0.00023996052892868433,1.0,3,200,0.5,"{'learning_rate': 1.0, 'max_depth': 3, 'n_estimators': 200, 'subsample': 0.5}",0.5319843024086719,0.40253824294970664,0.5633585066523304,0.4903776387749055,0.4541055904999705,0.488472856257117,0.05669321211162823,164,0.8655015955966306,0.6670868877564902,0.8027703183657701,0.8982641070679559,0.8595927300458097,0.8186431277665314,0.081772032191193
154,2.550054407119751,0.17044661549525725,0.0026891231536865234,0.0004420476176631409,1.0,3,200,0.75,"{'learning_rate': 1.0, 'max_depth': 3, 'n_estimators': 200, 'subsample': 0.75}",0.7992837993951905,0.799387807387203,0.7306008513408465,0.6842973644861307,0.8110492157232513,0.7649238076665245,0.04934494553162696,35,1.0,1.0,1.0,1.0,1.0,1.0,0.0
155,3.3426935195922853,0.19325141026075007,0.0026402950286865236,0.0003009838824942527,1.0,3,200,1.0,"{'learning_rate': 1.0, 'max_depth': 3, 'n_estimators': 200, 'subsample': 1.0}",0.8625,0.8525482698650941,0.7995966594036675,0.7705581169626042,0.8113519252676393,0.819310994299801,0.03405540053878806,5,1.0,1.0,1.0,1.0,1.0,1.0,0.0
156,0.14089326858520507,0.007531480975219971,0.0018699169158935547,0.0003100476092289829,1.0,5,10,0.5,"{'learning_rate': 1.0, 'max_depth': 5, 'n_estimators': 10, 'subsample': 0.5}",0.5805282397141488,0.4755994002414289,0.398130563783457,0.5464395176948256,0.5072916666666667,0.5015978776201054,0.06269704911265815,160,0.8365919070613635,0.8244605847152261,0.7949823723650611,0.8796259650876954,0.8638445935043463,0.8399010845467384,0.029726783041336188
157,0.20815038681030273,0.021951761596381084,0.0019023895263671875,0.00026237742675681315,1.0,5,10,0.75,"{'learning_rate': 1.0, 'max_depth': 5, 'n_estimators': 10, 'subsample': 0.75}",0.5523377288254981,0.5879677594929523,0.5459974238265741,0.5284854702990809,0.5830951894845301,0.5595767143857271,0.022639061889309954,138,0.9556057189047503,0.9356127706118134,0.9340955963113178,0.932838413187138,0.9455600889857104,0.940742517600146,0.008684405338675975
158,0.25067882537841796,0.01612809487123095,0.0016697883605957032,0.0002409821304972616,1.0,5,10,1.0,"{'learning_rate': 1.0, 'max_depth': 5, 'n_estimators': 10, 'subsample': 1.0}",0.6618138952944901,0.638592278367959,0.668097878928275,0.6274204172713119,0.7138148745210109,0.6619478688766094,0.02988529862469703,96,0.9842600228519194,0.9856848543761868,0.9942764022352503,0.9785546641169452,0.9801235276710681,0.9845798942502739,0.005504691143777039
159,0.6963897705078125,0.05636110883431418,0.0020101070404052734,0.0002732321437586145,1.0,5,50,0.5,"{'learning_rate': 1.0, 'max_depth': 5, 'n_estimators': 50, 'subsample': 0.5}",0.5285199877915141,0.5602287114655289,0.4391546805416387,0.4821061362054538,0.4512614696921451,0.49225419713925617,0.04591010275897018,163,0.8626391429353069,0.887273524692969,0.8599810310448984,0.8896645377226577,0.9471982348810536,0.8893512942553772,0.03139055646774658
160,1.013056230545044,0.07714259405423657,0.0022998332977294924,0.00023165784657978316,1.0,5,50,0.75,"{'learning_rate': 1.0, 'max_depth': 5, 'n_estimators': 50, 'subsample': 0.75}",0.5994149194122841,0.6941686790966297,0.6728624271423855,0.6786758482732964,0.6691365053734076,0.6628516758596007,0.03284842588662664,95,0.9957035870275044,1.0,1.0,1.0,0.9985685463414732,0.9988544266737955,0.0016701217188086826
161,1.40016827583313,0.10082205098522849,0.002338886260986328,0.00021120699777818112,1.0,5,50,1.0,"{'learning_rate': 1.0, 'max_depth': 5, 'n_estimators': 50, 'subsample': 1.0}",0.8231932086840424,0.7504426618685961,0.7725894187328015,0.6785433314325467,0.7793669176087984,0.760827107665357,0.047434299017264266,38,1.0,1.0,1.0,1.0,1.0,1.0,0.0
162,1.3460677146911622,0.09429214665522391,0.0022687911987304688,0.0002674515817445338,1.0,5,100,0.5,"{'learning_rate': 1.0, 'max_depth': 5, 'n_estimators': 100, 'subsample': 0.5}",0.47291666666666665,0.47483755117336535,0.505505404803662,0.5111402064035755,0.4179887345996367,0.4764777127293812,0.03310718084200212,167,0.8925930257235651,0.8667217864663904,0.9671358119351455,0.8773084448219987,0.8729752405270994,0.8953468618948399,0.036895815041674995
163,2.032074499130249,0.225638898585257,0.0023417949676513674,0.0002437300507985672,1.0,5,100,0.75,"{'learning_rate': 1.0, 'max_depth': 5, 'n_estimators': 100, 'subsample': 0.75}",0.7443713188952343,0.7715115449575384,0.6670248489545251,0.7312569275168596,0.7764588220384175,0.738124692472515,0.03930791699865541,52,1.0,0.9985685463414732,0.9971402515216047,0.9985689188010128,1.0,0.998855543332818,0.0010701690538418341
164,2.738807439804077,0.16065475038008567,0.002681112289428711,0.0003273889964151885,1.0,5,100,1.0,"{'learning_rate': 1.0, 'max_depth': 5, 'n_estimators': 100, 'subsample': 1.0}",0.8460596867030437,0.8231932086840424,0.7894213452344754,0.8050581751952419,0.8303653243359292,0.8188195480305465,0.0197387371574472,6,1.0,1.0,1.0,1.0,1.0,1.0,0.0
165,2.8262677669525145,0.04947477338511952,0.0037479400634765625,0.0017654398879606075,1.0,5,200,0.5,"{'learning_rate': 1.0, 'max_depth': 5, 'n_estimators': 200, 'subsample': 0.5}",0.49988631701588454,0.5939512170869513,0.4903776387749055,0.3889318313688553,0.3819188809449796,0.47101317703831524,0.0787369585198572,169,0.8211677757512293,0.9315617192121914,0.8939587055519703,0.7719924122046519,0.8139123548031473,0.846518593504638,0.057866881587584656
166,4.1622546195983885,0.3095774546983893,0.00340418815612793,0.0005142964831861537,1.0,5,200,0.75,"{'learning_rate': 1.0, 'max_depth': 5, 'n_estimators': 200, 'subsample': 0.75}",0.759174030494995,0.7961127547070722,0.7605713073498981,0.7303357192833627,0.693355045820501,0.7479097715311658,0.03433887306282589,46,0.9985685463414732,0.9985685463414732,1.0,1.0,0.9971354166666667,0.9988545018699225,0.001071739426966884
167,4.614763402938843,0.361879772292136,0.003053569793701172,0.0003230981378520671,1.0,5,200,1.0,"{'learning_rate': 1.0, 'max_depth': 5, 'n_estimators': 200, 'subsample': 1.0}",0.8626995975569158,0.8525482698650941,0.8122730157544208,0.799387807387203,0.8456783528751164,0.83451740868775,0.024383667910776813,2,1.0,1.0,1.0,1.0,1.0,1.0,0.0
168,0.27152013778686523,0.022749945483706555,0.0018099308013916015,0.0002609378497270074,1.0,10,10,0.5,"{'learning_rate': 1.0, 'max_depth': 10, 'n_estimators': 10, 'subsample': 0.5}",0.4145143257915364,0.4711485760244933,0.4530749443926184,0.30766531765234234,0.4425960018006625,0.41779983313233054,0.058044255325960234,177,0.8802600472359735,0.9570693087979445,0.9212256379448927,0.8943074586523755,0.9428373707550564,0.9191399646772485,0.02875014284812435
169,0.37624382972717285,0.031812118394962216,0.0017104625701904296,9.039798810266318e-05,1.0,10,10,0.75,"{'learning_rate': 1.0, 'max_depth': 10, 'n_estimators': 10, 'subsample': 0.75}",0.6041583810049808,0.6142718356131611,0.5934506456511595,0.581202449429662,0.6278083146099108,0.6041783252617748,0.016144532979684604,119,0.9942708333333333,0.9985685463414732,0.9985689188010128,1.0,0.9985685463414732,0.9979953689634586,0.001943025233095626
170,0.529888391494751,0.04051451080885605,0.001945829391479492,0.00029080169673014535,1.0,10,10,1.0,"{'learning_rate': 1.0, 'max_depth': 10, 'n_estimators': 10, 'subsample': 1.0}",0.699458458679534,0.7131316990317869,0.6452035590896114,0.70158029638859,0.7317272966080377,0.6982202619595119,0.028874438772642175,75,1.0,1.0,1.0,1.0,1.0,1.0,0.0
171,1.2818889617919922,0.06568407510116936,0.0020858287811279298,0.0002677388882837312,1.0,10,50,0.5,"{'learning_rate': 1.0, 'max_depth': 10, 'n_estimators': 50, 'subsample': 0.5}",0.336890600422706,0.3663604455459764,0.4391546805416387,0.4669175198298135,0.39649944237040624,0.40116453774210814,0.04718248100792744,178,0.8796295599088062,0.8499185039327878,0.9141632908391351,0.8969433881201296,0.9355289075642477,0.8952367300730213,0.02926401316340517
172,2.03553786277771,0.19381315878628488,0.002413320541381836,0.00030020913135207707,1.0,10,50,0.75,"{'learning_rate': 1.0, 'max_depth': 10, 'n_estimators': 50, 'subsample': 0.75}",0.7189380388815747,0.7423338778057487,0.7364583333333333,0.7247609219698097,0.7313813206443847,0.7307744985269702,0.008277177543640924,59,0.9985689188010128,0.9971402515216047,0.9985689188010128,0.9971387638065798,1.0,0.998283370586042,0.0010702091371393384
173,2.086190176010132,0.2850874277971229,0.0032379150390625,0.0011611226194876412,1.0,10,50,1.0,"{'learning_rate': 1.0, 'max_depth': 10, 'n_estimators': 50, 'subsample': 1.0}",0.8165292113703037,0.8223167927359885,0.7486365395814388,0.7878058336075311,0.8014709319206706,0.7953518618431865,0.02627658473170622,14,1.0,1.0,1.0,1.0,1.0,1.0,0.0
174,2.7620535850524903,0.15531204001305418,0.0029795169830322266,0.00022964761698982997,1.0,10,100,0.5,"{'learning_rate': 1.0, 'max_depth': 10, 'n_estimators': 100, 'subsample': 0.5}",0.5921085306372637,0.3569936346969729,0.5875,0.3697916666666667,0.39058126948200605,0.45939502029658186,0.10702700473000018,170,0.985700699596904,0.8901331815261431,0.9729095550069746,0.9111621848730617,0.8839279974505212,0.9287667236907209,0.04243359260564517
175,3.3110961437225344,0.4800097804639818,0.0030135631561279295,0.0004506994443433584,1.0,10,100,0.75,"{'learning_rate': 1.0, 'max_depth': 10, 'n_estimators': 100, 'subsample': 0.75}",0.725,0.7834300078440207,0.7215314736850598,0.6727877757868226,0.7431605356175384,0.7291819585866882,0.035761918333749566,60,0.9971354166666667,0.9928404921481778,1.0,0.9985689188010128,0.9957047054745953,0.9968499066180906,0.0024635948221341615
176,2.079801893234253,0.22910873467225523,0.0026385307312011717,0.0004059454337342607,1.0,10,100,1.0,"{'learning_rate': 1.0, 'max_depth': 10, 'n_estimators': 100, 'subsample': 1.0}",0.8189478011263103,0.7954348047705995,0.7262832566087142,0.7935753932437073,0.8283581177989204,0.7925198747096504,0.0357203456772054,16,1.0,1.0,1.0,1.0,1.0,1.0,0.0
177,5.185608577728272,0.27184693428955564,0.003821849822998047,0.0005243069255751023,1.0,10,200,0.5,"{'learning_rate': 1.0, 'max_depth': 10, 'n_estimators': 200, 'subsample': 0.5}",0.07650251811773495,0.07310480758559658,0.2760262237369417,0.3214703746138763,0.40551145893994606,0.2305230765988191,0.1337652609790913,184,0.05851989859013266,0.1340340344803975,0.659212996350591,0.8480709567059774,0.7575799703339602,0.49148357129221176,0.32903578233872344
178,3.7300696849822996,0.7667909715882234,0.002947378158569336,0.00045245292217077583,1.0,10,200,0.75,"{'learning_rate': 1.0, 'max_depth': 10, 'n_estimators': 200, 'subsample': 0.75}",0.7361022662041138,0.7497440326950037,0.6965236525274136,0.7774602526460401,0.7138865186056023,0.7347433445356346,0.028097521588024355,55,1.0,0.9971354166666667,0.9942764022352503,0.9985685463414732,1.0,0.9979960730486781,0.002141768077621665
179,2.2962568283081053,0.07756207445304233,0.0028821468353271485,0.00028091778123645177,1.0,10,200,1.0,"{'learning_rate': 1.0, 'max_depth': 10, 'n_estimators': 200, 'subsample': 1.0}",0.829147408832266,0.8510416666666667,0.7605713073498981,0.7596818114776634,0.8223167927359885,0.8045517974124966,0.03749518968391615,10,1.0,1.0,1.0,1.0,1.0,1.0,0.0
180,0.32904868125915526,0.00836058929994194,0.0016631126403808595,1.7290591398020144e-05,1.0,15,10,0.5,"{'learning_rate': 1.0, 'max_depth': 15, 'n_estimators': 10, 'subsample': 0.5}",0.40302904220537294,0.5123346547037056,0.39791666666666664,0.38125,0.42302984335152183,0.4235120413854535,0.04636905380984122,176,0.909809251485707,0.9484262121543087,0.9256589771132409,0.9427271150808696,0.9498589774840303,0.9352961066636313,0.015376285739127667
181,0.641994047164917,0.06307097071177097,0.002047300338745117,0.00026756199329974577,1.0,15,10,0.75,"{'learning_rate': 1.0, 'max_depth': 15, 'n_estimators': 10, 'subsample': 0.75}",0.603636307339936,0.6382196374479532,0.5756374516940072,0.6847428806432756,0.5327128653359237,0.606989828492219,0.05202330819345133,118,0.9914269777566959,0.9985685463414732,0.9971387638065798,0.9942734225312736,1.0,0.9962815420872045,0.0030786843220571435
182,0.4796601295471191,0.067600317761999,0.0019573688507080076,0.00029932885846355905,1.0,15,10,1.0,"{'learning_rate': 1.0, 'max_depth': 15, 'n_estimators': 10, 'subsample': 1.0}",0.5633647054891133,0.603636307339936,0.43854166666666666,0.5518944873351295,0.6134323833531677,0.5541739100368026,0.06231946341628567,143,1.0,1.0,1.0,1.0,1.0,1.0,0.0
183,1.8734919071197509,0.16133294753128452,0.002608585357666016,0.00036102696281098157,1.0,15,50,0.5,"{'learning_rate': 1.0, 'max_depth': 15, 'n_estimators': 50, 'subsample': 0.5}",0.3111467735160651,0.3226320571022286,0.5695437518209463,0.5555582513737215,0.536740504407823,0.45912426764415687,0.11665651993800188,171,0.8439651944208434,0.8316880613264637,0.9785162697284744,0.9642406996152346,0.9699425668199555,0.9176705583821942,0.06546573452796733
184,2.993739891052246,0.32465809842010074,0.0033077716827392576,0.0001373711826171085,1.0,15,50,0.75,"{'learning_rate': 1.0, 'max_depth': 15, 'n_estimators': 50, 'subsample': 0.75}",0.7367808384442659,0.6795450388476068,0.6786758482732964,0.6615374276293189,0.7034245561145915,0.6919927418618158,0.02606327340441669,82,0.9942841828518796,1.0,0.9985689188010128,1.0,0.99140625,0.9968518703305784,0.003435622099529614
185,0.8720086574554443,0.10214851882165696,0.0020647525787353517,0.0003160269842130377,1.0,15,50,1.0,"{'learning_rate': 1.0, 'max_depth': 15, 'n_estimators': 50, 'subsample': 1.0}",0.5669809443926205,0.5690677296768112,0.48494332021896597,0.5747759883151647,0.6415920154494488,0.5674719996106022,0.04972101248113525,132,1.0,1.0,1.0,1.0,1.0,1.0,0.0
186,3.407884454727173,0.2709708883190983,0.0024024009704589843,0.0003644835629214697,1.0,15,100,0.5,"{'learning_rate': 1.0, 'max_depth': 15, 'n_estimators': 100, 'subsample': 0.5}",0.39655764700343044,0.6318399735596133,0.2676414789584752,0.5467685520666838,0.12158595027498063,0.3928787203726366,0.18443547872844632,180,0.8323109051698564,0.9628108855581529,0.7321970794441847,0.9684890743344959,0.06661801109246568,0.7124851911198311,0.334691534414131
187,3.2026964664459228,0.13955151652187514,0.0021880626678466796,0.0005256832767501917,1.0,15,100,0.75,"{'learning_rate': 1.0, 'max_depth': 15, 'n_estimators': 100, 'subsample': 0.75}",0.7263438942514061,0.6847428806432756,0.6342599279769311,0.6900655593423541,0.6872717058697979,0.684536793616753,0.029372389584041862,84,0.9942708333333333,0.9985689188010128,0.9942841828518796,0.9942708333333333,0.9971387638065798,0.9957067064252278,0.001810529448330873
188,0.8165297985076905,0.08730394435767701,0.002013397216796875,0.000296839629668247,1.0,15,100,1.0,"{'learning_rate': 1.0, 'max_depth': 15, 'n_estimators': 100, 'subsample': 1.0}",0.559133444119857,0.5805543085077647,0.46269897238019486,0.5749405781881233,0.6571365180770408,0.5668927642545961,0.0621480386151894,133,1.0,1.0,1.0,1.0,1.0,1.0,0.0
189,4.965274143218994,0.2288392679258799,0.0029488086700439455,0.0005476597426273425,1.0,15,200,0.5,"{'learning_rate': 1.0, 'max_depth': 15, 'n_estimators': 200, 'subsample': 0.5}",-0.002097722585091842,0.1213879752158863,0.3033863675902152,0.030087617788553015,0.323274655842649,0.1552077787704423,0.1354601224765002,187,0.004474229579225286,0.05493383631098136,0.5851193915797871,0.03215876427774698,0.8021904161514765,0.29577532757984343,0.33242469082942727
190,2.8435043811798097,0.24042837536900968,0.0018908977508544922,6.484231484296049e-05,1.0,15,200,0.75,"{'learning_rate': 1.0, 'max_depth': 15, 'n_estimators': 200, 'subsample': 0.75}",0.6785644666866483,0.7418939704568935,0.621249430342479,0.7018188496196862,0.7308813214861648,0.6948816077183745,0.04299351951953414,79,0.9985685463414732,0.9985689188010128,1.0,0.9985689188010128,0.995710645075141,0.9982834058037279,0.0014007236608794198
191,0.8616174221038818,0.09543760069848654,0.0021444320678710937,0.00032348769874777217,1.0,15,200,1.0,"{'learning_rate': 1.0, 'max_depth': 15, 'n_estimators': 200, 'subsample': 1.0}",0.5616525572138379,0.568980661708985,0.47483755117336535,0.5635244477962146,0.5945284284940306,0.5527047292772866,0.04068059771481398,146,1.0,1.0,1.0,1.0,1.0,1.0,0.0
